"","Data Type","Census Tract","Age","Population","Sex","Number of Individuals"
"1","Estimate",970101,"Under 5 years","65","Male","497"
"2","Estimate",970101,"Under 5 years","65","Female","443"
"3","Estimate",970101,"5 to 9 years","37","Male","497"
"4","Estimate",970101,"5 to 9 years","37","Female","443"
"5","Estimate",970101,"10 to 14 years","68","Male","497"
"6","Estimate",970101,"10 to 14 years","68","Female","443"
"7","Estimate",970101,"15 to 19 years","8","Male","497"
"8","Estimate",970101,"15 to 19 years","8","Female","443"
"9","Estimate",970101,"20 to 24 years","30","Male","497"
"10","Estimate",970101,"20 to 24 years","30","Female","443"
"11","Estimate",970101,"25 to 34 years","134","Male","497"
"12","Estimate",970101,"25 to 34 years","134","Female","443"
"13","Estimate",970101,"35 to 44 years","47","Male","497"
"14","Estimate",970101,"35 to 44 years","47","Female","443"
"15","Estimate",970101,"45 to 54 years","118","Male","497"
"16","Estimate",970101,"45 to 54 years","118","Female","443"
"17","Estimate",970101,"55 to 59 years","38","Male","497"
"18","Estimate",970101,"55 to 59 years","38","Female","443"
"19","Estimate",970101,"60 to 64 years","98","Male","497"
"20","Estimate",970101,"60 to 64 years","98","Female","443"
"21","Estimate",970101,"65 to 74 years","159","Male","497"
"22","Estimate",970101,"65 to 74 years","159","Female","443"
"23","Estimate",970101,"75 to 84 years","92","Male","497"
"24","Estimate",970101,"75 to 84 years","92","Female","443"
"25","Estimate",970101,"85 years and over","46","Male","497"
"26","Estimate",970101,"85 years and over","46","Female","443"
"27","Estimate",970101,"Median age (years)","50.3","Male","497"
"28","Estimate",970101,"Median age (years)","50.3","Female","443"
"29","Estimate",970102,"Under 5 years","113","Male","1,000"
"30","Estimate",970102,"Under 5 years","113","Female","1,392"
"31","Estimate",970102,"5 to 9 years","33","Male","1,000"
"32","Estimate",970102,"5 to 9 years","33","Female","1,392"
"33","Estimate",970102,"10 to 14 years","77","Male","1,000"
"34","Estimate",970102,"10 to 14 years","77","Female","1,392"
"35","Estimate",970102,"15 to 19 years","108","Male","1,000"
"36","Estimate",970102,"15 to 19 years","108","Female","1,392"
"37","Estimate",970102,"20 to 24 years","69","Male","1,000"
"38","Estimate",970102,"20 to 24 years","69","Female","1,392"
"39","Estimate",970102,"25 to 34 years","166","Male","1,000"
"40","Estimate",970102,"25 to 34 years","166","Female","1,392"
"41","Estimate",970102,"35 to 44 years","183","Male","1,000"
"42","Estimate",970102,"35 to 44 years","183","Female","1,392"
"43","Estimate",970102,"45 to 54 years","321","Male","1,000"
"44","Estimate",970102,"45 to 54 years","321","Female","1,392"
"45","Estimate",970102,"55 to 59 years","181","Male","1,000"
"46","Estimate",970102,"55 to 59 years","181","Female","1,392"
"47","Estimate",970102,"60 to 64 years","370","Male","1,000"
"48","Estimate",970102,"60 to 64 years","370","Female","1,392"
"49","Estimate",970102,"65 to 74 years","501","Male","1,000"
"50","Estimate",970102,"65 to 74 years","501","Female","1,392"
"51","Estimate",970102,"75 to 84 years","263","Male","1,000"
"52","Estimate",970102,"75 to 84 years","263","Female","1,392"
"53","Estimate",970102,"85 years and over","7","Male","1,000"
"54","Estimate",970102,"85 years and over","7","Female","1,392"
"55","Estimate",970102,"Median age (years)","58.7","Male","1,000"
"56","Estimate",970102,"Median age (years)","58.7","Female","1,392"
"57","Estimate",970103,"Under 5 years","42","Male","1,325"
"58","Estimate",970103,"Under 5 years","42","Female","1,152"
"59","Estimate",970103,"5 to 9 years","88","Male","1,325"
"60","Estimate",970103,"5 to 9 years","88","Female","1,152"
"61","Estimate",970103,"10 to 14 years","73","Male","1,325"
"62","Estimate",970103,"10 to 14 years","73","Female","1,152"
"63","Estimate",970103,"15 to 19 years","184","Male","1,325"
"64","Estimate",970103,"15 to 19 years","184","Female","1,152"
"65","Estimate",970103,"20 to 24 years","76","Male","1,325"
"66","Estimate",970103,"20 to 24 years","76","Female","1,152"
"67","Estimate",970103,"25 to 34 years","254","Male","1,325"
"68","Estimate",970103,"25 to 34 years","254","Female","1,152"
"69","Estimate",970103,"35 to 44 years","204","Male","1,325"
"70","Estimate",970103,"35 to 44 years","204","Female","1,152"
"71","Estimate",970103,"45 to 54 years","358","Male","1,325"
"72","Estimate",970103,"45 to 54 years","358","Female","1,152"
"73","Estimate",970103,"55 to 59 years","370","Male","1,325"
"74","Estimate",970103,"55 to 59 years","370","Female","1,152"
"75","Estimate",970103,"60 to 64 years","270","Male","1,325"
"76","Estimate",970103,"60 to 64 years","270","Female","1,152"
"77","Estimate",970103,"65 to 74 years","319","Male","1,325"
"78","Estimate",970103,"65 to 74 years","319","Female","1,152"
"79","Estimate",970103,"75 to 84 years","109","Male","1,325"
"80","Estimate",970103,"75 to 84 years","109","Female","1,152"
"81","Estimate",970103,"85 years and over","130","Male","1,325"
"82","Estimate",970103,"85 years and over","130","Female","1,152"
"83","Estimate",970103,"Median age (years)","53.7","Male","1,325"
"84","Estimate",970103,"Median age (years)","53.7","Female","1,152"
"85","Estimate",970200,"Under 5 years","56","Male","571"
"86","Estimate",970200,"Under 5 years","56","Female","679"
"87","Estimate",970200,"5 to 9 years","22","Male","571"
"88","Estimate",970200,"5 to 9 years","22","Female","679"
"89","Estimate",970200,"10 to 14 years","82","Male","571"
"90","Estimate",970200,"10 to 14 years","82","Female","679"
"91","Estimate",970200,"15 to 19 years","45","Male","571"
"92","Estimate",970200,"15 to 19 years","45","Female","679"
"93","Estimate",970200,"20 to 24 years","66","Male","571"
"94","Estimate",970200,"20 to 24 years","66","Female","679"
"95","Estimate",970200,"25 to 34 years","141","Male","571"
"96","Estimate",970200,"25 to 34 years","141","Female","679"
"97","Estimate",970200,"35 to 44 years","83","Male","571"
"98","Estimate",970200,"35 to 44 years","83","Female","679"
"99","Estimate",970200,"45 to 54 years","154","Male","571"
"100","Estimate",970200,"45 to 54 years","154","Female","679"
"101","Estimate",970200,"55 to 59 years","86","Male","571"
"102","Estimate",970200,"55 to 59 years","86","Female","679"
"103","Estimate",970200,"60 to 64 years","176","Male","571"
"104","Estimate",970200,"60 to 64 years","176","Female","679"
"105","Estimate",970200,"65 to 74 years","232","Male","571"
"106","Estimate",970200,"65 to 74 years","232","Female","679"
"107","Estimate",970200,"75 to 84 years","74","Male","571"
"108","Estimate",970200,"75 to 84 years","74","Female","679"
"109","Estimate",970200,"85 years and over","33","Male","571"
"110","Estimate",970200,"85 years and over","33","Female","679"
"111","Estimate",970200,"Median age (years)","53.8","Male","571"
"112","Estimate",970200,"Median age (years)","53.8","Female","679"
"113","Estimate",970301,"Under 5 years","167","Male","2,311"
"114","Estimate",970301,"Under 5 years","167","Female","2,375"
"115","Estimate",970301,"5 to 9 years","242","Male","2,311"
"116","Estimate",970301,"5 to 9 years","242","Female","2,375"
"117","Estimate",970301,"10 to 14 years","217","Male","2,311"
"118","Estimate",970301,"10 to 14 years","217","Female","2,375"
"119","Estimate",970301,"15 to 19 years","188","Male","2,311"
"120","Estimate",970301,"15 to 19 years","188","Female","2,375"
"121","Estimate",970301,"20 to 24 years","160","Male","2,311"
"122","Estimate",970301,"20 to 24 years","160","Female","2,375"
"123","Estimate",970301,"25 to 34 years","602","Male","2,311"
"124","Estimate",970301,"25 to 34 years","602","Female","2,375"
"125","Estimate",970301,"35 to 44 years","426","Male","2,311"
"126","Estimate",970301,"35 to 44 years","426","Female","2,375"
"127","Estimate",970301,"45 to 54 years","412","Male","2,311"
"128","Estimate",970301,"45 to 54 years","412","Female","2,375"
"129","Estimate",970301,"55 to 59 years","548","Male","2,311"
"130","Estimate",970301,"55 to 59 years","548","Female","2,375"
"131","Estimate",970301,"60 to 64 years","263","Male","2,311"
"132","Estimate",970301,"60 to 64 years","263","Female","2,375"
"133","Estimate",970301,"65 to 74 years","1,083","Male","2,311"
"134","Estimate",970301,"65 to 74 years","1,083","Female","2,375"
"135","Estimate",970301,"75 to 84 years","307","Male","2,311"
"136","Estimate",970301,"75 to 84 years","307","Female","2,375"
"137","Estimate",970301,"85 years and over","71","Male","2,311"
"138","Estimate",970301,"85 years and over","71","Female","2,375"
"139","Estimate",970301,"Median age (years)","52.3","Male","2,311"
"140","Estimate",970301,"Median age (years)","52.3","Female","2,375"
"141","Estimate",970304,"Under 5 years","67","Male","938"
"142","Estimate",970304,"Under 5 years","67","Female","1,386"
"143","Estimate",970304,"5 to 9 years","104","Male","938"
"144","Estimate",970304,"5 to 9 years","104","Female","1,386"
"145","Estimate",970304,"10 to 14 years","246","Male","938"
"146","Estimate",970304,"10 to 14 years","246","Female","1,386"
"147","Estimate",970304,"15 to 19 years","105","Male","938"
"148","Estimate",970304,"15 to 19 years","105","Female","1,386"
"149","Estimate",970304,"20 to 24 years","87","Male","938"
"150","Estimate",970304,"20 to 24 years","87","Female","1,386"
"151","Estimate",970304,"25 to 34 years","210","Male","938"
"152","Estimate",970304,"25 to 34 years","210","Female","1,386"
"153","Estimate",970304,"35 to 44 years","238","Male","938"
"154","Estimate",970304,"35 to 44 years","238","Female","1,386"
"155","Estimate",970304,"45 to 54 years","209","Male","938"
"156","Estimate",970304,"45 to 54 years","209","Female","1,386"
"157","Estimate",970304,"55 to 59 years","170","Male","938"
"158","Estimate",970304,"55 to 59 years","170","Female","1,386"
"159","Estimate",970304,"60 to 64 years","204","Male","938"
"160","Estimate",970304,"60 to 64 years","204","Female","1,386"
"161","Estimate",970304,"65 to 74 years","418","Male","938"
"162","Estimate",970304,"65 to 74 years","418","Female","1,386"
"163","Estimate",970304,"75 to 84 years","193","Male","938"
"164","Estimate",970304,"75 to 84 years","193","Female","1,386"
"165","Estimate",970304,"85 years and over","73","Male","938"
"166","Estimate",970304,"85 years and over","73","Female","1,386"
"167","Estimate",970304,"Median age (years)","50.6","Male","938"
"168","Estimate",970304,"Median age (years)","50.6","Female","1,386"
"169","Estimate",970305,"Under 5 years","100","Male","884"
"170","Estimate",970305,"Under 5 years","100","Female","1,053"
"171","Estimate",970305,"5 to 9 years","25","Male","884"
"172","Estimate",970305,"5 to 9 years","25","Female","1,053"
"173","Estimate",970305,"10 to 14 years","13","Male","884"
"174","Estimate",970305,"10 to 14 years","13","Female","1,053"
"175","Estimate",970305,"15 to 19 years","151","Male","884"
"176","Estimate",970305,"15 to 19 years","151","Female","1,053"
"177","Estimate",970305,"20 to 24 years","137","Male","884"
"178","Estimate",970305,"20 to 24 years","137","Female","1,053"
"179","Estimate",970305,"25 to 34 years","209","Male","884"
"180","Estimate",970305,"25 to 34 years","209","Female","1,053"
"181","Estimate",970305,"35 to 44 years","172","Male","884"
"182","Estimate",970305,"35 to 44 years","172","Female","1,053"
"183","Estimate",970305,"45 to 54 years","266","Male","884"
"184","Estimate",970305,"45 to 54 years","266","Female","1,053"
"185","Estimate",970305,"55 to 59 years","133","Male","884"
"186","Estimate",970305,"55 to 59 years","133","Female","1,053"
"187","Estimate",970305,"60 to 64 years","192","Male","884"
"188","Estimate",970305,"60 to 64 years","192","Female","1,053"
"189","Estimate",970305,"65 to 74 years","288","Male","884"
"190","Estimate",970305,"65 to 74 years","288","Female","1,053"
"191","Estimate",970305,"75 to 84 years","214","Male","884"
"192","Estimate",970305,"75 to 84 years","214","Female","1,053"
"193","Estimate",970305,"85 years and over","37","Male","884"
"194","Estimate",970305,"85 years and over","37","Female","1,053"
"195","Estimate",970305,"Median age (years)","50.9","Male","884"
"196","Estimate",970305,"Median age (years)","50.9","Female","1,053"
"197","Estimate",970401,"Under 5 years","22","Male","622"
"198","Estimate",970401,"Under 5 years","22","Female","822"
"199","Estimate",970401,"5 to 9 years","26","Male","622"
"200","Estimate",970401,"5 to 9 years","26","Female","822"
"201","Estimate",970401,"10 to 14 years","9","Male","622"
"202","Estimate",970401,"10 to 14 years","9","Female","822"
"203","Estimate",970401,"15 to 19 years","9","Male","622"
"204","Estimate",970401,"15 to 19 years","9","Female","822"
"205","Estimate",970401,"20 to 24 years","236","Male","622"
"206","Estimate",970401,"20 to 24 years","236","Female","822"
"207","Estimate",970401,"25 to 34 years","200","Male","622"
"208","Estimate",970401,"25 to 34 years","200","Female","822"
"209","Estimate",970401,"35 to 44 years","84","Male","622"
"210","Estimate",970401,"35 to 44 years","84","Female","822"
"211","Estimate",970401,"45 to 54 years","165","Male","622"
"212","Estimate",970401,"45 to 54 years","165","Female","822"
"213","Estimate",970401,"55 to 59 years","119","Male","622"
"214","Estimate",970401,"55 to 59 years","119","Female","822"
"215","Estimate",970401,"60 to 64 years","141","Male","622"
"216","Estimate",970401,"60 to 64 years","141","Female","822"
"217","Estimate",970401,"65 to 74 years","165","Male","622"
"218","Estimate",970401,"65 to 74 years","165","Female","822"
"219","Estimate",970401,"75 to 84 years","203","Male","622"
"220","Estimate",970401,"75 to 84 years","203","Female","822"
"221","Estimate",970401,"85 years and over","65","Male","622"
"222","Estimate",970401,"85 years and over","65","Female","822"
"223","Estimate",970401,"Median age (years)","54.1","Male","622"
"224","Estimate",970401,"Median age (years)","54.1","Female","822"
"225","Estimate",970402,"Under 5 years","125","Male","665"
"226","Estimate",970402,"Under 5 years","125","Female","686"
"227","Estimate",970402,"5 to 9 years","78","Male","665"
"228","Estimate",970402,"5 to 9 years","78","Female","686"
"229","Estimate",970402,"10 to 14 years","17","Male","665"
"230","Estimate",970402,"10 to 14 years","17","Female","686"
"231","Estimate",970402,"15 to 19 years","44","Male","665"
"232","Estimate",970402,"15 to 19 years","44","Female","686"
"233","Estimate",970402,"20 to 24 years","68","Male","665"
"234","Estimate",970402,"20 to 24 years","68","Female","686"
"235","Estimate",970402,"25 to 34 years","231","Male","665"
"236","Estimate",970402,"25 to 34 years","231","Female","686"
"237","Estimate",970402,"35 to 44 years","106","Male","665"
"238","Estimate",970402,"35 to 44 years","106","Female","686"
"239","Estimate",970402,"45 to 54 years","89","Male","665"
"240","Estimate",970402,"45 to 54 years","89","Female","686"
"241","Estimate",970402,"55 to 59 years","133","Male","665"
"242","Estimate",970402,"55 to 59 years","133","Female","686"
"243","Estimate",970402,"60 to 64 years","206","Male","665"
"244","Estimate",970402,"60 to 64 years","206","Female","686"
"245","Estimate",970402,"65 to 74 years","170","Male","665"
"246","Estimate",970402,"65 to 74 years","170","Female","686"
"247","Estimate",970402,"75 to 84 years","49","Male","665"
"248","Estimate",970402,"75 to 84 years","49","Female","686"
"249","Estimate",970402,"85 years and over","35","Male","665"
"250","Estimate",970402,"85 years and over","35","Female","686"
"251","Estimate",970402,"Median age (years)","46.9","Male","665"
"252","Estimate",970402,"Median age (years)","46.9","Female","686"
"253","Estimate",970403,"Under 5 years","10","Male","552"
"254","Estimate",970403,"Under 5 years","10","Female","644"
"255","Estimate",970403,"5 to 9 years","29","Male","552"
"256","Estimate",970403,"5 to 9 years","29","Female","644"
"257","Estimate",970403,"10 to 14 years","26","Male","552"
"258","Estimate",970403,"10 to 14 years","26","Female","644"
"259","Estimate",970403,"15 to 19 years","160","Male","552"
"260","Estimate",970403,"15 to 19 years","160","Female","644"
"261","Estimate",970403,"20 to 24 years","39","Male","552"
"262","Estimate",970403,"20 to 24 years","39","Female","644"
"263","Estimate",970403,"25 to 34 years","83","Male","552"
"264","Estimate",970403,"25 to 34 years","83","Female","644"
"265","Estimate",970403,"35 to 44 years","129","Male","552"
"266","Estimate",970403,"35 to 44 years","129","Female","644"
"267","Estimate",970403,"45 to 54 years","223","Male","552"
"268","Estimate",970403,"45 to 54 years","223","Female","644"
"269","Estimate",970403,"55 to 59 years","57","Male","552"
"270","Estimate",970403,"55 to 59 years","57","Female","644"
"271","Estimate",970403,"60 to 64 years","34","Male","552"
"272","Estimate",970403,"60 to 64 years","34","Female","644"
"273","Estimate",970403,"65 to 74 years","231","Male","552"
"274","Estimate",970403,"65 to 74 years","231","Female","644"
"275","Estimate",970403,"75 to 84 years","136","Male","552"
"276","Estimate",970403,"75 to 84 years","136","Female","644"
"277","Estimate",970403,"85 years and over","39","Male","552"
"278","Estimate",970403,"85 years and over","39","Female","644"
"279","Estimate",970403,"Median age (years)","49.5","Male","552"
"280","Estimate",970403,"Median age (years)","49.5","Female","644"
"281","Estimate",970501,"Under 5 years","161","Male","1,530"
"282","Estimate",970501,"Under 5 years","161","Female","1,503"
"283","Estimate",970501,"5 to 9 years","62","Male","1,530"
"284","Estimate",970501,"5 to 9 years","62","Female","1,503"
"285","Estimate",970501,"10 to 14 years","281","Male","1,530"
"286","Estimate",970501,"10 to 14 years","281","Female","1,503"
"287","Estimate",970501,"15 to 19 years","62","Male","1,530"
"288","Estimate",970501,"15 to 19 years","62","Female","1,503"
"289","Estimate",970501,"20 to 24 years","237","Male","1,530"
"290","Estimate",970501,"20 to 24 years","237","Female","1,503"
"291","Estimate",970501,"25 to 34 years","562","Male","1,530"
"292","Estimate",970501,"25 to 34 years","562","Female","1,503"
"293","Estimate",970501,"35 to 44 years","317","Male","1,530"
"294","Estimate",970501,"35 to 44 years","317","Female","1,503"
"295","Estimate",970501,"45 to 54 years","318","Male","1,530"
"296","Estimate",970501,"45 to 54 years","318","Female","1,503"
"297","Estimate",970501,"55 to 59 years","228","Male","1,530"
"298","Estimate",970501,"55 to 59 years","228","Female","1,503"
"299","Estimate",970501,"60 to 64 years","306","Male","1,530"
"300","Estimate",970501,"60 to 64 years","306","Female","1,503"
"301","Estimate",970501,"65 to 74 years","350","Male","1,530"
"302","Estimate",970501,"65 to 74 years","350","Female","1,503"
"303","Estimate",970501,"75 to 84 years","107","Male","1,530"
"304","Estimate",970501,"75 to 84 years","107","Female","1,503"
"305","Estimate",970501,"85 years and over","42","Male","1,530"
"306","Estimate",970501,"85 years and over","42","Female","1,503"
"307","Estimate",970501,"Median age (years)","39.8","Male","1,530"
"308","Estimate",970501,"Median age (years)","39.8","Female","1,503"
"309","Estimate",970502,"Under 5 years","134","Male","1,120"
"310","Estimate",970502,"Under 5 years","134","Female","1,084"
"311","Estimate",970502,"5 to 9 years","79","Male","1,120"
"312","Estimate",970502,"5 to 9 years","79","Female","1,084"
"313","Estimate",970502,"10 to 14 years","71","Male","1,120"
"314","Estimate",970502,"10 to 14 years","71","Female","1,084"
"315","Estimate",970502,"15 to 19 years","83","Male","1,120"
"316","Estimate",970502,"15 to 19 years","83","Female","1,084"
"317","Estimate",970502,"20 to 24 years","55","Male","1,120"
"318","Estimate",970502,"20 to 24 years","55","Female","1,084"
"319","Estimate",970502,"25 to 34 years","273","Male","1,120"
"320","Estimate",970502,"25 to 34 years","273","Female","1,084"
"321","Estimate",970502,"35 to 44 years","206","Male","1,120"
"322","Estimate",970502,"35 to 44 years","206","Female","1,084"
"323","Estimate",970502,"45 to 54 years","297","Male","1,120"
"324","Estimate",970502,"45 to 54 years","297","Female","1,084"
"325","Estimate",970502,"55 to 59 years","149","Male","1,120"
"326","Estimate",970502,"55 to 59 years","149","Female","1,084"
"327","Estimate",970502,"60 to 64 years","253","Male","1,120"
"328","Estimate",970502,"60 to 64 years","253","Female","1,084"
"329","Estimate",970502,"65 to 74 years","357","Male","1,120"
"330","Estimate",970502,"65 to 74 years","357","Female","1,084"
"331","Estimate",970502,"75 to 84 years","220","Male","1,120"
"332","Estimate",970502,"75 to 84 years","220","Female","1,084"
"333","Estimate",970502,"85 years and over","27","Male","1,120"
"334","Estimate",970502,"85 years and over","27","Female","1,084"
"335","Estimate",970502,"Median age (years)","52.5","Male","1,120"
"336","Estimate",970502,"Median age (years)","52.5","Female","1,084"
"337","Estimate",970503,"Under 5 years","90","Male","950"
"338","Estimate",970503,"Under 5 years","90","Female","1,212"
"339","Estimate",970503,"5 to 9 years","165","Male","950"
"340","Estimate",970503,"5 to 9 years","165","Female","1,212"
"341","Estimate",970503,"10 to 14 years","194","Male","950"
"342","Estimate",970503,"10 to 14 years","194","Female","1,212"
"343","Estimate",970503,"15 to 19 years","85","Male","950"
"344","Estimate",970503,"15 to 19 years","85","Female","1,212"
"345","Estimate",970503,"20 to 24 years","27","Male","950"
"346","Estimate",970503,"20 to 24 years","27","Female","1,212"
"347","Estimate",970503,"25 to 34 years","224","Male","950"
"348","Estimate",970503,"25 to 34 years","224","Female","1,212"
"349","Estimate",970503,"35 to 44 years","278","Male","950"
"350","Estimate",970503,"35 to 44 years","278","Female","1,212"
"351","Estimate",970503,"45 to 54 years","313","Male","950"
"352","Estimate",970503,"45 to 54 years","313","Female","1,212"
"353","Estimate",970503,"55 to 59 years","88","Male","950"
"354","Estimate",970503,"55 to 59 years","88","Female","1,212"
"355","Estimate",970503,"60 to 64 years","244","Male","950"
"356","Estimate",970503,"60 to 64 years","244","Female","1,212"
"357","Estimate",970503,"65 to 74 years","237","Male","950"
"358","Estimate",970503,"65 to 74 years","237","Female","1,212"
"359","Estimate",970503,"75 to 84 years","111","Male","950"
"360","Estimate",970503,"75 to 84 years","111","Female","1,212"
"361","Estimate",970503,"85 years and over","106","Male","950"
"362","Estimate",970503,"85 years and over","106","Female","1,212"
"363","Estimate",970503,"Median age (years)","46.5","Male","950"
"364","Estimate",970503,"Median age (years)","46.5","Female","1,212"
"365","Estimate",970504,"Under 5 years","121","Male","893"
"366","Estimate",970504,"Under 5 years","121","Female","968"
"367","Estimate",970504,"5 to 9 years","167","Male","893"
"368","Estimate",970504,"5 to 9 years","167","Female","968"
"369","Estimate",970504,"10 to 14 years","152","Male","893"
"370","Estimate",970504,"10 to 14 years","152","Female","968"
"371","Estimate",970504,"15 to 19 years","113","Male","893"
"372","Estimate",970504,"15 to 19 years","113","Female","968"
"373","Estimate",970504,"20 to 24 years","12","Male","893"
"374","Estimate",970504,"20 to 24 years","12","Female","968"
"375","Estimate",970504,"25 to 34 years","135","Male","893"
"376","Estimate",970504,"25 to 34 years","135","Female","968"
"377","Estimate",970504,"35 to 44 years","256","Male","893"
"378","Estimate",970504,"35 to 44 years","256","Female","968"
"379","Estimate",970504,"45 to 54 years","370","Male","893"
"380","Estimate",970504,"45 to 54 years","370","Female","968"
"381","Estimate",970504,"55 to 59 years","76","Male","893"
"382","Estimate",970504,"55 to 59 years","76","Female","968"
"383","Estimate",970504,"60 to 64 years","139","Male","893"
"384","Estimate",970504,"60 to 64 years","139","Female","968"
"385","Estimate",970504,"65 to 74 years","255","Male","893"
"386","Estimate",970504,"65 to 74 years","255","Female","968"
"387","Estimate",970504,"75 to 84 years","47","Male","893"
"388","Estimate",970504,"75 to 84 years","47","Female","968"
"389","Estimate",970504,"85 years and over","18","Male","893"
"390","Estimate",970504,"85 years and over","18","Female","968"
"391","Estimate",970504,"Median age (years)","44.5","Male","893"
"392","Estimate",970504,"Median age (years)","44.5","Female","968"
"393","Estimate",970601,"Under 5 years","84","Male","542"
"394","Estimate",970601,"Under 5 years","84","Female","528"
"395","Estimate",970601,"5 to 9 years","32","Male","542"
"396","Estimate",970601,"5 to 9 years","32","Female","528"
"397","Estimate",970601,"10 to 14 years","70","Male","542"
"398","Estimate",970601,"10 to 14 years","70","Female","528"
"399","Estimate",970601,"15 to 19 years","64","Male","542"
"400","Estimate",970601,"15 to 19 years","64","Female","528"
"401","Estimate",970601,"20 to 24 years","31","Male","542"
"402","Estimate",970601,"20 to 24 years","31","Female","528"
"403","Estimate",970601,"25 to 34 years","41","Male","542"
"404","Estimate",970601,"25 to 34 years","41","Female","528"
"405","Estimate",970601,"35 to 44 years","150","Male","542"
"406","Estimate",970601,"35 to 44 years","150","Female","528"
"407","Estimate",970601,"45 to 54 years","132","Male","542"
"408","Estimate",970601,"45 to 54 years","132","Female","528"
"409","Estimate",970601,"55 to 59 years","105","Male","542"
"410","Estimate",970601,"55 to 59 years","105","Female","528"
"411","Estimate",970601,"60 to 64 years","94","Male","542"
"412","Estimate",970601,"60 to 64 years","94","Female","528"
"413","Estimate",970601,"65 to 74 years","182","Male","542"
"414","Estimate",970601,"65 to 74 years","182","Female","528"
"415","Estimate",970601,"75 to 84 years","69","Male","542"
"416","Estimate",970601,"75 to 84 years","69","Female","528"
"417","Estimate",970601,"85 years and over","16","Male","542"
"418","Estimate",970601,"85 years and over","16","Female","528"
"419","Estimate",970601,"Median age (years)","49.1","Male","542"
"420","Estimate",970601,"Median age (years)","49.1","Female","528"
"421","Estimate",970602,"Under 5 years","62","Male","633"
"422","Estimate",970602,"Under 5 years","62","Female","472"
"423","Estimate",970602,"5 to 9 years","4","Male","633"
"424","Estimate",970602,"5 to 9 years","4","Female","472"
"425","Estimate",970602,"10 to 14 years","32","Male","633"
"426","Estimate",970602,"10 to 14 years","32","Female","472"
"427","Estimate",970602,"15 to 19 years","63","Male","633"
"428","Estimate",970602,"15 to 19 years","63","Female","472"
"429","Estimate",970602,"20 to 24 years","66","Male","633"
"430","Estimate",970602,"20 to 24 years","66","Female","472"
"431","Estimate",970602,"25 to 34 years","154","Male","633"
"432","Estimate",970602,"25 to 34 years","154","Female","472"
"433","Estimate",970602,"35 to 44 years","48","Male","633"
"434","Estimate",970602,"35 to 44 years","48","Female","472"
"435","Estimate",970602,"45 to 54 years","131","Male","633"
"436","Estimate",970602,"45 to 54 years","131","Female","472"
"437","Estimate",970602,"55 to 59 years","103","Male","633"
"438","Estimate",970602,"55 to 59 years","103","Female","472"
"439","Estimate",970602,"60 to 64 years","208","Male","633"
"440","Estimate",970602,"60 to 64 years","208","Female","472"
"441","Estimate",970602,"65 to 74 years","142","Male","633"
"442","Estimate",970602,"65 to 74 years","142","Female","472"
"443","Estimate",970602,"75 to 84 years","92","Male","633"
"444","Estimate",970602,"75 to 84 years","92","Female","472"
"445","Estimate",970602,"85 years and over","0","Male","633"
"446","Estimate",970602,"85 years and over","0","Female","472"
"447","Estimate",970602,"Median age (years)","53.4","Male","633"
"448","Estimate",970602,"Median age (years)","53.4","Female","472"
"449","Estimate",970603,"Under 5 years","71","Male","710"
"450","Estimate",970603,"Under 5 years","71","Female","742"
"451","Estimate",970603,"5 to 9 years","77","Male","710"
"452","Estimate",970603,"5 to 9 years","77","Female","742"
"453","Estimate",970603,"10 to 14 years","138","Male","710"
"454","Estimate",970603,"10 to 14 years","138","Female","742"
"455","Estimate",970603,"15 to 19 years","85","Male","710"
"456","Estimate",970603,"15 to 19 years","85","Female","742"
"457","Estimate",970603,"20 to 24 years","79","Male","710"
"458","Estimate",970603,"20 to 24 years","79","Female","742"
"459","Estimate",970603,"25 to 34 years","214","Male","710"
"460","Estimate",970603,"25 to 34 years","214","Female","742"
"461","Estimate",970603,"35 to 44 years","181","Male","710"
"462","Estimate",970603,"35 to 44 years","181","Female","742"
"463","Estimate",970603,"45 to 54 years","158","Male","710"
"464","Estimate",970603,"45 to 54 years","158","Female","742"
"465","Estimate",970603,"55 to 59 years","164","Male","710"
"466","Estimate",970603,"55 to 59 years","164","Female","742"
"467","Estimate",970603,"60 to 64 years","92","Male","710"
"468","Estimate",970603,"60 to 64 years","92","Female","742"
"469","Estimate",970603,"65 to 74 years","128","Male","710"
"470","Estimate",970603,"65 to 74 years","128","Female","742"
"471","Estimate",970603,"75 to 84 years","52","Male","710"
"472","Estimate",970603,"75 to 84 years","52","Female","742"
"473","Estimate",970603,"85 years and over","13","Male","710"
"474","Estimate",970603,"85 years and over","13","Female","742"
"475","Estimate",970603,"Median age (years)","39.4","Male","710"
"476","Estimate",970603,"Median age (years)","39.4","Female","742"
"477","Estimate",970606,"Under 5 years","144","Male","2,021"
"478","Estimate",970606,"Under 5 years","144","Female","1,746"
"479","Estimate",970606,"5 to 9 years","195","Male","2,021"
"480","Estimate",970606,"5 to 9 years","195","Female","1,746"
"481","Estimate",970606,"10 to 14 years","216","Male","2,021"
"482","Estimate",970606,"10 to 14 years","216","Female","1,746"
"483","Estimate",970606,"15 to 19 years","118","Male","2,021"
"484","Estimate",970606,"15 to 19 years","118","Female","1,746"
"485","Estimate",970606,"20 to 24 years","119","Male","2,021"
"486","Estimate",970606,"20 to 24 years","119","Female","1,746"
"487","Estimate",970606,"25 to 34 years","232","Male","2,021"
"488","Estimate",970606,"25 to 34 years","232","Female","1,746"
"489","Estimate",970606,"35 to 44 years","333","Male","2,021"
"490","Estimate",970606,"35 to 44 years","333","Female","1,746"
"491","Estimate",970606,"45 to 54 years","641","Male","2,021"
"492","Estimate",970606,"45 to 54 years","641","Female","1,746"
"493","Estimate",970606,"55 to 59 years","189","Male","2,021"
"494","Estimate",970606,"55 to 59 years","189","Female","1,746"
"495","Estimate",970606,"60 to 64 years","304","Male","2,021"
"496","Estimate",970606,"60 to 64 years","304","Female","1,746"
"497","Estimate",970606,"65 to 74 years","708","Male","2,021"
"498","Estimate",970606,"65 to 74 years","708","Female","1,746"
"499","Estimate",970606,"75 to 84 years","399","Male","2,021"
"500","Estimate",970606,"75 to 84 years","399","Female","1,746"
"501","Estimate",970606,"85 years and over","169","Male","2,021"
"502","Estimate",970606,"85 years and over","169","Female","1,746"
"503","Estimate",970606,"Median age (years)","53.8","Male","2,021"
"504","Estimate",970606,"Median age (years)","53.8","Female","1,746"
"505","Estimate",970701,"Under 5 years","13","Male","602"
"506","Estimate",970701,"Under 5 years","13","Female","606"
"507","Estimate",970701,"5 to 9 years","40","Male","602"
"508","Estimate",970701,"5 to 9 years","40","Female","606"
"509","Estimate",970701,"10 to 14 years","103","Male","602"
"510","Estimate",970701,"10 to 14 years","103","Female","606"
"511","Estimate",970701,"15 to 19 years","103","Male","602"
"512","Estimate",970701,"15 to 19 years","103","Female","606"
"513","Estimate",970701,"20 to 24 years","28","Male","602"
"514","Estimate",970701,"20 to 24 years","28","Female","606"
"515","Estimate",970701,"25 to 34 years","108","Male","602"
"516","Estimate",970701,"25 to 34 years","108","Female","606"
"517","Estimate",970701,"35 to 44 years","92","Male","602"
"518","Estimate",970701,"35 to 44 years","92","Female","606"
"519","Estimate",970701,"45 to 54 years","169","Male","602"
"520","Estimate",970701,"45 to 54 years","169","Female","606"
"521","Estimate",970701,"55 to 59 years","145","Male","602"
"522","Estimate",970701,"55 to 59 years","145","Female","606"
"523","Estimate",970701,"60 to 64 years","97","Male","602"
"524","Estimate",970701,"60 to 64 years","97","Female","606"
"525","Estimate",970701,"65 to 74 years","254","Male","602"
"526","Estimate",970701,"65 to 74 years","254","Female","606"
"527","Estimate",970701,"75 to 84 years","44","Male","602"
"528","Estimate",970701,"75 to 84 years","44","Female","606"
"529","Estimate",970701,"85 years and over","12","Male","602"
"530","Estimate",970701,"85 years and over","12","Female","606"
"531","Estimate",970701,"Median age (years)","50.5","Male","602"
"532","Estimate",970701,"Median age (years)","50.5","Female","606"
"533","Estimate",970702,"Under 5 years","172","Male","1,918"
"534","Estimate",970702,"Under 5 years","172","Female","1,711"
"535","Estimate",970702,"5 to 9 years","256","Male","1,918"
"536","Estimate",970702,"5 to 9 years","256","Female","1,711"
"537","Estimate",970702,"10 to 14 years","308","Male","1,918"
"538","Estimate",970702,"10 to 14 years","308","Female","1,711"
"539","Estimate",970702,"15 to 19 years","378","Male","1,918"
"540","Estimate",970702,"15 to 19 years","378","Female","1,711"
"541","Estimate",970702,"20 to 24 years","160","Male","1,918"
"542","Estimate",970702,"20 to 24 years","160","Female","1,711"
"543","Estimate",970702,"25 to 34 years","350","Male","1,918"
"544","Estimate",970702,"25 to 34 years","350","Female","1,711"
"545","Estimate",970702,"35 to 44 years","656","Male","1,918"
"546","Estimate",970702,"35 to 44 years","656","Female","1,711"
"547","Estimate",970702,"45 to 54 years","561","Male","1,918"
"548","Estimate",970702,"45 to 54 years","561","Female","1,711"
"549","Estimate",970702,"55 to 59 years","193","Male","1,918"
"550","Estimate",970702,"55 to 59 years","193","Female","1,711"
"551","Estimate",970702,"60 to 64 years","248","Male","1,918"
"552","Estimate",970702,"60 to 64 years","248","Female","1,711"
"553","Estimate",970702,"65 to 74 years","210","Male","1,918"
"554","Estimate",970702,"65 to 74 years","210","Female","1,711"
"555","Estimate",970702,"75 to 84 years","121","Male","1,918"
"556","Estimate",970702,"75 to 84 years","121","Female","1,711"
"557","Estimate",970702,"85 years and over","16","Male","1,918"
"558","Estimate",970702,"85 years and over","16","Female","1,711"
"559","Estimate",970702,"Median age (years)","38.4","Male","1,918"
"560","Estimate",970702,"Median age (years)","38.4","Female","1,711"
"561","Estimate",970703,"Under 5 years","109","Male","2,057"
"562","Estimate",970703,"Under 5 years","109","Female","2,156"
"563","Estimate",970703,"5 to 9 years","223","Male","2,057"
"564","Estimate",970703,"5 to 9 years","223","Female","2,156"
"565","Estimate",970703,"10 to 14 years","191","Male","2,057"
"566","Estimate",970703,"10 to 14 years","191","Female","2,156"
"567","Estimate",970703,"15 to 19 years","287","Male","2,057"
"568","Estimate",970703,"15 to 19 years","287","Female","2,156"
"569","Estimate",970703,"20 to 24 years","204","Male","2,057"
"570","Estimate",970703,"20 to 24 years","204","Female","2,156"
"571","Estimate",970703,"25 to 34 years","575","Male","2,057"
"572","Estimate",970703,"25 to 34 years","575","Female","2,156"
"573","Estimate",970703,"35 to 44 years","728","Male","2,057"
"574","Estimate",970703,"35 to 44 years","728","Female","2,156"
"575","Estimate",970703,"45 to 54 years","505","Male","2,057"
"576","Estimate",970703,"45 to 54 years","505","Female","2,156"
"577","Estimate",970703,"55 to 59 years","194","Male","2,057"
"578","Estimate",970703,"55 to 59 years","194","Female","2,156"
"579","Estimate",970703,"60 to 64 years","334","Male","2,057"
"580","Estimate",970703,"60 to 64 years","334","Female","2,156"
"581","Estimate",970703,"65 to 74 years","433","Male","2,057"
"582","Estimate",970703,"65 to 74 years","433","Female","2,156"
"583","Estimate",970703,"75 to 84 years","355","Male","2,057"
"584","Estimate",970703,"75 to 84 years","355","Female","2,156"
"585","Estimate",970703,"85 years and over","75","Male","2,057"
"586","Estimate",970703,"85 years and over","75","Female","2,156"
"587","Estimate",970703,"Median age (years)","42.7","Male","2,057"
"588","Estimate",970703,"Median age (years)","42.7","Female","2,156"
"589","Estimate",970704,"Under 5 years","44","Male","1,251"
"590","Estimate",970704,"Under 5 years","44","Female","910"
"591","Estimate",970704,"5 to 9 years","48","Male","1,251"
"592","Estimate",970704,"5 to 9 years","48","Female","910"
"593","Estimate",970704,"10 to 14 years","119","Male","1,251"
"594","Estimate",970704,"10 to 14 years","119","Female","910"
"595","Estimate",970704,"15 to 19 years","152","Male","1,251"
"596","Estimate",970704,"15 to 19 years","152","Female","910"
"597","Estimate",970704,"20 to 24 years","148","Male","1,251"
"598","Estimate",970704,"20 to 24 years","148","Female","910"
"599","Estimate",970704,"25 to 34 years","138","Male","1,251"
"600","Estimate",970704,"25 to 34 years","138","Female","910"
"601","Estimate",970704,"35 to 44 years","273","Male","1,251"
"602","Estimate",970704,"35 to 44 years","273","Female","910"
"603","Estimate",970704,"45 to 54 years","203","Male","1,251"
"604","Estimate",970704,"45 to 54 years","203","Female","910"
"605","Estimate",970704,"55 to 59 years","191","Male","1,251"
"606","Estimate",970704,"55 to 59 years","191","Female","910"
"607","Estimate",970704,"60 to 64 years","189","Male","1,251"
"608","Estimate",970704,"60 to 64 years","189","Female","910"
"609","Estimate",970704,"65 to 74 years","362","Male","1,251"
"610","Estimate",970704,"65 to 74 years","362","Female","910"
"611","Estimate",970704,"75 to 84 years","262","Male","1,251"
"612","Estimate",970704,"75 to 84 years","262","Female","910"
"613","Estimate",970704,"85 years and over","32","Male","1,251"
"614","Estimate",970704,"85 years and over","32","Female","910"
"615","Estimate",970704,"Median age (years)","53.6","Male","1,251"
"616","Estimate",970704,"Median age (years)","53.6","Female","910"
"617","Estimate",970801,"Under 5 years","165","Male","1,620"
"618","Estimate",970801,"Under 5 years","165","Female","1,294"
"619","Estimate",970801,"5 to 9 years","143","Male","1,620"
"620","Estimate",970801,"5 to 9 years","143","Female","1,294"
"621","Estimate",970801,"10 to 14 years","188","Male","1,620"
"622","Estimate",970801,"10 to 14 years","188","Female","1,294"
"623","Estimate",970801,"15 to 19 years","173","Male","1,620"
"624","Estimate",970801,"15 to 19 years","173","Female","1,294"
"625","Estimate",970801,"20 to 24 years","267","Male","1,620"
"626","Estimate",970801,"20 to 24 years","267","Female","1,294"
"627","Estimate",970801,"25 to 34 years","139","Male","1,620"
"628","Estimate",970801,"25 to 34 years","139","Female","1,294"
"629","Estimate",970801,"35 to 44 years","496","Male","1,620"
"630","Estimate",970801,"35 to 44 years","496","Female","1,294"
"631","Estimate",970801,"45 to 54 years","341","Male","1,620"
"632","Estimate",970801,"45 to 54 years","341","Female","1,294"
"633","Estimate",970801,"55 to 59 years","117","Male","1,620"
"634","Estimate",970801,"55 to 59 years","117","Female","1,294"
"635","Estimate",970801,"60 to 64 years","283","Male","1,620"
"636","Estimate",970801,"60 to 64 years","283","Female","1,294"
"637","Estimate",970801,"65 to 74 years","377","Male","1,620"
"638","Estimate",970801,"65 to 74 years","377","Female","1,294"
"639","Estimate",970801,"75 to 84 years","159","Male","1,620"
"640","Estimate",970801,"75 to 84 years","159","Female","1,294"
"641","Estimate",970801,"85 years and over","66","Male","1,620"
"642","Estimate",970801,"85 years and over","66","Female","1,294"
"643","Estimate",970801,"Median age (years)","42.3","Male","1,620"
"644","Estimate",970801,"Median age (years)","42.3","Female","1,294"
"645","Estimate",970804,"Under 5 years","168","Male","1,897"
"646","Estimate",970804,"Under 5 years","168","Female","2,009"
"647","Estimate",970804,"5 to 9 years","223","Male","1,897"
"648","Estimate",970804,"5 to 9 years","223","Female","2,009"
"649","Estimate",970804,"10 to 14 years","243","Male","1,897"
"650","Estimate",970804,"10 to 14 years","243","Female","2,009"
"651","Estimate",970804,"15 to 19 years","212","Male","1,897"
"652","Estimate",970804,"15 to 19 years","212","Female","2,009"
"653","Estimate",970804,"20 to 24 years","212","Male","1,897"
"654","Estimate",970804,"20 to 24 years","212","Female","2,009"
"655","Estimate",970804,"25 to 34 years","312","Male","1,897"
"656","Estimate",970804,"25 to 34 years","312","Female","2,009"
"657","Estimate",970804,"35 to 44 years","512","Male","1,897"
"658","Estimate",970804,"35 to 44 years","512","Female","2,009"
"659","Estimate",970804,"45 to 54 years","634","Male","1,897"
"660","Estimate",970804,"45 to 54 years","634","Female","2,009"
"661","Estimate",970804,"55 to 59 years","215","Male","1,897"
"662","Estimate",970804,"55 to 59 years","215","Female","2,009"
"663","Estimate",970804,"60 to 64 years","406","Male","1,897"
"664","Estimate",970804,"60 to 64 years","406","Female","2,009"
"665","Estimate",970804,"65 to 74 years","561","Male","1,897"
"666","Estimate",970804,"65 to 74 years","561","Female","2,009"
"667","Estimate",970804,"75 to 84 years","177","Male","1,897"
"668","Estimate",970804,"75 to 84 years","177","Female","2,009"
"669","Estimate",970804,"85 years and over","31","Male","1,897"
"670","Estimate",970804,"85 years and over","31","Female","2,009"
"671","Estimate",970804,"Median age (years)","47.1","Male","1,897"
"672","Estimate",970804,"Median age (years)","47.1","Female","2,009"
"673","Estimate",970805,"Under 5 years","83","Male","838"
"674","Estimate",970805,"Under 5 years","83","Female","796"
"675","Estimate",970805,"5 to 9 years","109","Male","838"
"676","Estimate",970805,"5 to 9 years","109","Female","796"
"677","Estimate",970805,"10 to 14 years","72","Male","838"
"678","Estimate",970805,"10 to 14 years","72","Female","796"
"679","Estimate",970805,"15 to 19 years","91","Male","838"
"680","Estimate",970805,"15 to 19 years","91","Female","796"
"681","Estimate",970805,"20 to 24 years","96","Male","838"
"682","Estimate",970805,"20 to 24 years","96","Female","796"
"683","Estimate",970805,"25 to 34 years","161","Male","838"
"684","Estimate",970805,"25 to 34 years","161","Female","796"
"685","Estimate",970805,"35 to 44 years","182","Male","838"
"686","Estimate",970805,"35 to 44 years","182","Female","796"
"687","Estimate",970805,"45 to 54 years","305","Male","838"
"688","Estimate",970805,"45 to 54 years","305","Female","796"
"689","Estimate",970805,"55 to 59 years","128","Male","838"
"690","Estimate",970805,"55 to 59 years","128","Female","796"
"691","Estimate",970805,"60 to 64 years","118","Male","838"
"692","Estimate",970805,"60 to 64 years","118","Female","796"
"693","Estimate",970805,"65 to 74 years","152","Male","838"
"694","Estimate",970805,"65 to 74 years","152","Female","796"
"695","Estimate",970805,"75 to 84 years","117","Male","838"
"696","Estimate",970805,"75 to 84 years","117","Female","796"
"697","Estimate",970805,"85 years and over","20","Male","838"
"698","Estimate",970805,"85 years and over","20","Female","796"
"699","Estimate",970805,"Median age (years)","45.5","Male","838"
"700","Estimate",970805,"Median age (years)","45.5","Female","796"
"701","Estimate",970806,"Under 5 years","157","Male","1,970"
"702","Estimate",970806,"Under 5 years","157","Female","2,293"
"703","Estimate",970806,"5 to 9 years","382","Male","1,970"
"704","Estimate",970806,"5 to 9 years","382","Female","2,293"
"705","Estimate",970806,"10 to 14 years","252","Male","1,970"
"706","Estimate",970806,"10 to 14 years","252","Female","2,293"
"707","Estimate",970806,"15 to 19 years","229","Male","1,970"
"708","Estimate",970806,"15 to 19 years","229","Female","2,293"
"709","Estimate",970806,"20 to 24 years","112","Male","1,970"
"710","Estimate",970806,"20 to 24 years","112","Female","2,293"
"711","Estimate",970806,"25 to 34 years","260","Male","1,970"
"712","Estimate",970806,"25 to 34 years","260","Female","2,293"
"713","Estimate",970806,"35 to 44 years","647","Male","1,970"
"714","Estimate",970806,"35 to 44 years","647","Female","2,293"
"715","Estimate",970806,"45 to 54 years","518","Male","1,970"
"716","Estimate",970806,"45 to 54 years","518","Female","2,293"
"717","Estimate",970806,"55 to 59 years","241","Male","1,970"
"718","Estimate",970806,"55 to 59 years","241","Female","2,293"
"719","Estimate",970806,"60 to 64 years","414","Male","1,970"
"720","Estimate",970806,"60 to 64 years","414","Female","2,293"
"721","Estimate",970806,"65 to 74 years","647","Male","1,970"
"722","Estimate",970806,"65 to 74 years","647","Female","2,293"
"723","Estimate",970806,"75 to 84 years","279","Male","1,970"
"724","Estimate",970806,"75 to 84 years","279","Female","2,293"
"725","Estimate",970806,"85 years and over","125","Male","1,970"
"726","Estimate",970806,"85 years and over","125","Female","2,293"
"727","Estimate",970806,"Median age (years)","46.6","Male","1,970"
"728","Estimate",970806,"Median age (years)","46.6","Female","2,293"
"729","Estimate",970903,"Under 5 years","41","Male","522"
"730","Estimate",970903,"Under 5 years","41","Female","534"
"731","Estimate",970903,"5 to 9 years","12","Male","522"
"732","Estimate",970903,"5 to 9 years","12","Female","534"
"733","Estimate",970903,"10 to 14 years","35","Male","522"
"734","Estimate",970903,"10 to 14 years","35","Female","534"
"735","Estimate",970903,"15 to 19 years","32","Male","522"
"736","Estimate",970903,"15 to 19 years","32","Female","534"
"737","Estimate",970903,"20 to 24 years","0","Male","522"
"738","Estimate",970903,"20 to 24 years","0","Female","534"
"739","Estimate",970903,"25 to 34 years","52","Male","522"
"740","Estimate",970903,"25 to 34 years","52","Female","534"
"741","Estimate",970903,"35 to 44 years","72","Male","522"
"742","Estimate",970903,"35 to 44 years","72","Female","534"
"743","Estimate",970903,"45 to 54 years","175","Male","522"
"744","Estimate",970903,"45 to 54 years","175","Female","534"
"745","Estimate",970903,"55 to 59 years","93","Male","522"
"746","Estimate",970903,"55 to 59 years","93","Female","534"
"747","Estimate",970903,"60 to 64 years","149","Male","522"
"748","Estimate",970903,"60 to 64 years","149","Female","534"
"749","Estimate",970903,"65 to 74 years","287","Male","522"
"750","Estimate",970903,"65 to 74 years","287","Female","534"
"751","Estimate",970903,"75 to 84 years","87","Male","522"
"752","Estimate",970903,"75 to 84 years","87","Female","534"
"753","Estimate",970903,"85 years and over","21","Male","522"
"754","Estimate",970903,"85 years and over","21","Female","534"
"755","Estimate",970903,"Median age (years)","60.9","Male","522"
"756","Estimate",970903,"Median age (years)","60.9","Female","534"
"757","Estimate",970904,"Under 5 years","85","Male","1,324"
"758","Estimate",970904,"Under 5 years","85","Female","1,464"
"759","Estimate",970904,"5 to 9 years","68","Male","1,324"
"760","Estimate",970904,"5 to 9 years","68","Female","1,464"
"761","Estimate",970904,"10 to 14 years","160","Male","1,324"
"762","Estimate",970904,"10 to 14 years","160","Female","1,464"
"763","Estimate",970904,"15 to 19 years","198","Male","1,324"
"764","Estimate",970904,"15 to 19 years","198","Female","1,464"
"765","Estimate",970904,"20 to 24 years","61","Male","1,324"
"766","Estimate",970904,"20 to 24 years","61","Female","1,464"
"767","Estimate",970904,"25 to 34 years","157","Male","1,324"
"768","Estimate",970904,"25 to 34 years","157","Female","1,464"
"769","Estimate",970904,"35 to 44 years","222","Male","1,324"
"770","Estimate",970904,"35 to 44 years","222","Female","1,464"
"771","Estimate",970904,"45 to 54 years","395","Male","1,324"
"772","Estimate",970904,"45 to 54 years","395","Female","1,464"
"773","Estimate",970904,"55 to 59 years","354","Male","1,324"
"774","Estimate",970904,"55 to 59 years","354","Female","1,464"
"775","Estimate",970904,"60 to 64 years","312","Male","1,324"
"776","Estimate",970904,"60 to 64 years","312","Female","1,464"
"777","Estimate",970904,"65 to 74 years","529","Male","1,324"
"778","Estimate",970904,"65 to 74 years","529","Female","1,464"
"779","Estimate",970904,"75 to 84 years","199","Male","1,324"
"780","Estimate",970904,"75 to 84 years","199","Female","1,464"
"781","Estimate",970904,"85 years and over","48","Male","1,324"
"782","Estimate",970904,"85 years and over","48","Female","1,464"
"783","Estimate",970904,"Median age (years)","56.1","Male","1,324"
"784","Estimate",970904,"Median age (years)","56.1","Female","1,464"
"785","Estimate",971003,"Under 5 years","37","Male","857"
"786","Estimate",971003,"Under 5 years","37","Female","879"
"787","Estimate",971003,"5 to 9 years","54","Male","857"
"788","Estimate",971003,"5 to 9 years","54","Female","879"
"789","Estimate",971003,"10 to 14 years","66","Male","857"
"790","Estimate",971003,"10 to 14 years","66","Female","879"
"791","Estimate",971003,"15 to 19 years","36","Male","857"
"792","Estimate",971003,"15 to 19 years","36","Female","879"
"793","Estimate",971003,"20 to 24 years","36","Male","857"
"794","Estimate",971003,"20 to 24 years","36","Female","879"
"795","Estimate",971003,"25 to 34 years","70","Male","857"
"796","Estimate",971003,"25 to 34 years","70","Female","879"
"797","Estimate",971003,"35 to 44 years","126","Male","857"
"798","Estimate",971003,"35 to 44 years","126","Female","879"
"799","Estimate",971003,"45 to 54 years","152","Male","857"
"800","Estimate",971003,"45 to 54 years","152","Female","879"
"801","Estimate",971003,"55 to 59 years","208","Male","857"
"802","Estimate",971003,"55 to 59 years","208","Female","879"
"803","Estimate",971003,"60 to 64 years","219","Male","857"
"804","Estimate",971003,"60 to 64 years","219","Female","879"
"805","Estimate",971003,"65 to 74 years","441","Male","857"
"806","Estimate",971003,"65 to 74 years","441","Female","879"
"807","Estimate",971003,"75 to 84 years","179","Male","857"
"808","Estimate",971003,"75 to 84 years","179","Female","879"
"809","Estimate",971003,"85 years and over","112","Male","857"
"810","Estimate",971003,"85 years and over","112","Female","879"
"811","Estimate",971003,"Median age (years)","62.7","Male","857"
"812","Estimate",971003,"Median age (years)","62.7","Female","879"
"813","Estimate",971103,"Under 5 years","19","Male","933"
"814","Estimate",971103,"Under 5 years","19","Female","852"
"815","Estimate",971103,"5 to 9 years","76","Male","933"
"816","Estimate",971103,"5 to 9 years","76","Female","852"
"817","Estimate",971103,"10 to 14 years","69","Male","933"
"818","Estimate",971103,"10 to 14 years","69","Female","852"
"819","Estimate",971103,"15 to 19 years","83","Male","933"
"820","Estimate",971103,"15 to 19 years","83","Female","852"
"821","Estimate",971103,"20 to 24 years","72","Male","933"
"822","Estimate",971103,"20 to 24 years","72","Female","852"
"823","Estimate",971103,"25 to 34 years","144","Male","933"
"824","Estimate",971103,"25 to 34 years","144","Female","852"
"825","Estimate",971103,"35 to 44 years","92","Male","933"
"826","Estimate",971103,"35 to 44 years","92","Female","852"
"827","Estimate",971103,"45 to 54 years","253","Male","933"
"828","Estimate",971103,"45 to 54 years","253","Female","852"
"829","Estimate",971103,"55 to 59 years","135","Male","933"
"830","Estimate",971103,"55 to 59 years","135","Female","852"
"831","Estimate",971103,"60 to 64 years","132","Male","933"
"832","Estimate",971103,"60 to 64 years","132","Female","852"
"833","Estimate",971103,"65 to 74 years","373","Male","933"
"834","Estimate",971103,"65 to 74 years","373","Female","852"
"835","Estimate",971103,"75 to 84 years","204","Male","933"
"836","Estimate",971103,"75 to 84 years","204","Female","852"
"837","Estimate",971103,"85 years and over","133","Male","933"
"838","Estimate",971103,"85 years and over","133","Female","852"
"839","Estimate",971103,"Median age (years)","57.5","Male","933"
"840","Estimate",971103,"Median age (years)","57.5","Female","852"
