Label (Grouping),Population 5 years and over,    Speak only English,    Speak a language other than English,    SPEAK A LANGUAGE OTHER THAN ENGLISH,        Spanish,            5 to 17 years old,            18 to 64 years old,            65 years old and over,        Other Indo-European languages,            5 to 17 years old,            18 to 64 years old,            65 years old and over,        Asian and Pacific Island languages,            5 to 17 years old,            18 to 64 years old,            65 years old and over,        Other languages,            5 to 17 years old,            18 to 64 years old,            65 years old and over,CITIZENS 18 YEARS AND OVER,    All citizens 18 years old and over,        Speak only English,        Speak a language other than English,            Spanish,            Other languages
"Census Tract 9701.01, Carteret County, North Carolina!!Total!!Estimate",875,828,47,,34,7,10,17,13,0,0,13,0,0,0,0,0,0,0,0,,757,721,36,23,13
"Census Tract 9701.01, Carteret County, North Carolina!!Total!!Margin of Error",±228,±215,±92,,±94,±46,±51,±28,±19,±13,±13,±19,±13,±13,±13,±13,±13,±13,±13,±13,,±166,±166,±34,±30,±19
"Census Tract 9701.01, Carteret County, North Carolina!!Percent!!Estimate",(X),94.60%,5.40%,,3.90%,0.80%,1.10%,1.90%,1.50%,0.00%,0.00%,1.50%,0.00%,0.00%,0.00%,0.00%,0.00%,0.00%,0.00%,0.00%,,(X),95.20%,4.80%,3.00%,1.70%
"Census Tract 9701.01, Carteret County, North Carolina!!Percent!!Margin of Error",(X),±10.2,±10.2,,±10.7,±5.3,±5.9,±3.2,±2.3,±4.5,±4.5,±2.3,±4.5,±4.5,±4.5,±4.5,±4.5,±4.5,±4.5,±4.5,,(X),±4.4,±4.4,±4.0,±2.6
"Census Tract 9701.01, Carteret County, North Carolina!!Percent of specified language speakers!!Speak English only or speak English ""very well""!!Estimate",871,(X),43,,30,7,6,17,13,0,0,13,0,0,0,0,0,0,0,0,,757,(X),36,23,13
"Census Tract 9701.01, Carteret County, North Carolina!!Percent of specified language speakers!!Speak English only or speak English ""very well""!!Margin of Error",±220,(X),±63,,±65,±46,±20,±28,±19,±13,±13,±19,±13,±13,±13,±13,±13,±13,±13,±13,,±166,(X),±34,±30,±19
"Census Tract 9701.01, Carteret County, North Carolina!!Percent of specified language speakers!!Percent speak English only or speak English ""very well""!!Estimate",99.50%,(X),91.50%,,88.20%,100.00%,60.00%,100.00%,100.00%,-,-,100.00%,-,-,-,-,-,-,-,-,,100.00%,(X),100.00%,100.00%,100.00%
"Census Tract 9701.01, Carteret County, North Carolina!!Percent of specified language speakers!!Percent speak English only or speak English ""very well""!!Margin of Error",±3.7,(X),±91.5,,±88.2,±100.0,±60.0,±79.8,±91.2,**,**,±91.2,**,**,**,**,**,**,**,**,,±5.1,(X),±54.8,±68.6,±91.2
"Census Tract 9701.01, Carteret County, North Carolina!!Percent of specified language speakers!!Speak English  less than ""very well""!!Estimate",4,(X),4,,4,0,4,0,0,0,0,0,0,0,0,0,0,0,0,0,,0,(X),0,0,0
"Census Tract 9701.01, Carteret County, North Carolina!!Percent of specified language speakers!!Speak English  less than ""very well""!!Margin of Error",±32,(X),±32,,±32,±13,±32,±13,±13,±13,±13,±13,±13,±13,±13,±13,±13,±13,±13,±13,,±13,(X),±13,±13,±13
"Census Tract 9701.01, Carteret County, North Carolina!!Percent of specified language speakers!!Percent speak English less than ""very well""!!Estimate",0.50%,(X),8.50%,,11.80%,0.00%,40.00%,0.00%,0.00%,-,-,0.00%,-,-,-,-,-,-,-,-,,0.00%,(X),0.00%,0.00%,0.00%
"Census Tract 9701.01, Carteret County, North Carolina!!Percent of specified language speakers!!Percent speak English less than ""very well""!!Margin of Error",±3.7,(X),±91.5,,±88.2,±100.0,±60.0,±79.8,±91.2,**,**,±91.2,**,**,**,**,**,**,**,**,,±5.1,(X),±54.8,±68.6,±91.2
"Census Tract 9701.02, Carteret County, North Carolina!!Total!!Estimate","2,279","2,204",75,,44,0,25,19,24,0,0,24,7,7,0,0,0,0,0,0,,"2,068","2,000",68,44,24
"Census Tract 9701.02, Carteret County, North Carolina!!Total!!Margin of Error",±378,±397,±58,,±43,±13,±26,±33,±37,±13,±13,±37,±17,±17,±13,±13,±13,±13,±13,±13,,±356,±374,±55,±43,±37
"Census Tract 9701.02, Carteret County, North Carolina!!Percent!!Estimate",(X),96.70%,3.30%,,1.90%,0.00%,1.10%,0.80%,1.10%,0.00%,0.00%,1.10%,0.30%,0.30%,0.00%,0.00%,0.00%,0.00%,0.00%,0.00%,,(X),96.70%,3.30%,2.10%,1.20%
"Census Tract 9701.02, Carteret County, North Carolina!!Percent!!Margin of Error",(X),±2.8,±2.8,,±2.0,±1.7,±1.2,±1.5,±1.6,±1.7,±1.7,±1.6,±0.8,±0.8,±1.7,±1.7,±1.7,±1.7,±1.7,±1.7,,(X),±2.9,±2.9,±2.3,±1.8
"Census Tract 9701.02, Carteret County, North Carolina!!Percent of specified language speakers!!Speak English only or speak English ""very well""!!Estimate","2,268",(X),64,,40,0,21,19,24,0,0,24,0,0,0,0,0,0,0,0,,"2,064",(X),64,40,24
"Census Tract 9701.02, Carteret County, North Carolina!!Percent of specified language speakers!!Speak English only or speak English ""very well""!!Margin of Error",±379,(X),±55,,±42,±13,±24,±33,±37,±13,±13,±37,±13,±13,±13,±13,±13,±13,±13,±13,,±356,(X),±55,±42,±37
"Census Tract 9701.02, Carteret County, North Carolina!!Percent of specified language speakers!!Percent speak English only or speak English ""very well""!!Estimate",99.50%,(X),85.30%,,90.90%,-,84.00%,100.00%,100.00%,-,-,100.00%,0.00%,0.00%,-,-,-,-,-,-,,99.80%,(X),94.10%,90.90%,100.00%
"Census Tract 9701.02, Carteret County, North Carolina!!Percent of specified language speakers!!Percent speak English only or speak English ""very well""!!Margin of Error",±0.9,(X),±24.3,,±19.1,**,±33.1,±75.5,±67.2,**,**,±67.2,±100.0,±100.0,**,**,**,**,**,**,,±0.4,(X),±13.1,±19.1,±67.2
"Census Tract 9701.02, Carteret County, North Carolina!!Percent of specified language speakers!!Speak English  less than ""very well""!!Estimate",11,(X),11,,4,0,4,0,0,0,0,0,7,7,0,0,0,0,0,0,,4,(X),4,4,0
"Census Tract 9701.02, Carteret County, North Carolina!!Percent of specified language speakers!!Speak English  less than ""very well""!!Margin of Error",±19,(X),±19,,±8,±13,±8,±13,±13,±13,±13,±13,±17,±17,±13,±13,±13,±13,±13,±13,,±8,(X),±8,±8,±13
"Census Tract 9701.02, Carteret County, North Carolina!!Percent of specified language speakers!!Percent speak English less than ""very well""!!Estimate",0.50%,(X),14.70%,,9.10%,-,16.00%,0.00%,0.00%,-,-,0.00%,100.00%,100.00%,-,-,-,-,-,-,,0.20%,(X),5.90%,9.10%,0.00%
"Census Tract 9701.02, Carteret County, North Carolina!!Percent of specified language speakers!!Percent speak English less than ""very well""!!Margin of Error",±0.9,(X),±24.3,,±19.1,**,±33.1,±75.5,±67.2,**,**,±67.2,±100.0,±100.0,**,**,**,**,**,**,,±0.4,(X),±13.1,±19.1,±67.2
"Census Tract 9701.03, Carteret County, North Carolina!!Total!!Estimate","2,435","2,435",0,,0,0,0,0,0,0,0,0,0,0,0,0,0,0,0,0,,"2,190","2,190",0,0,0
"Census Tract 9701.03, Carteret County, North Carolina!!Total!!Margin of Error",±362,±362,±13,,±13,±13,±13,±13,±13,±13,±13,±13,±13,±13,±13,±13,±13,±13,±13,±13,,±334,±334,±13,±13,±13
"Census Tract 9701.03, Carteret County, North Carolina!!Percent!!Estimate",(X),100.00%,0.00%,,0.00%,0.00%,0.00%,0.00%,0.00%,0.00%,0.00%,0.00%,0.00%,0.00%,0.00%,0.00%,0.00%,0.00%,0.00%,0.00%,,(X),100.00%,0.00%,0.00%,0.00%
"Census Tract 9701.03, Carteret County, North Carolina!!Percent!!Margin of Error",(X),±1.6,±1.6,,±1.6,±1.6,±1.6,±1.6,±1.6,±1.6,±1.6,±1.6,±1.6,±1.6,±1.6,±1.6,±1.6,±1.6,±1.6,±1.6,,(X),±1.8,±1.8,±1.8,±1.8
"Census Tract 9701.03, Carteret County, North Carolina!!Percent of specified language speakers!!Speak English only or speak English ""very well""!!Estimate","2,435",(X),0,,0,0,0,0,0,0,0,0,0,0,0,0,0,0,0,0,,"2,190",(X),0,0,0
"Census Tract 9701.03, Carteret County, North Carolina!!Percent of specified language speakers!!Speak English only or speak English ""very well""!!Margin of Error",±362,(X),±13,,±13,±13,±13,±13,±13,±13,±13,±13,±13,±13,±13,±13,±13,±13,±13,±13,,±334,(X),±13,±13,±13
"Census Tract 9701.03, Carteret County, North Carolina!!Percent of specified language speakers!!Percent speak English only or speak English ""very well""!!Estimate",100.00%,(X),-,,-,-,-,-,-,-,-,-,-,-,-,-,-,-,-,-,,100.00%,(X),-,-,-
"Census Tract 9701.03, Carteret County, North Carolina!!Percent of specified language speakers!!Percent speak English only or speak English ""very well""!!Margin of Error",±1.6,(X),**,,**,**,**,**,**,**,**,**,**,**,**,**,**,**,**,**,,±1.8,(X),**,**,**
"Census Tract 9701.03, Carteret County, North Carolina!!Percent of specified language speakers!!Speak English  less than ""very well""!!Estimate",0,(X),0,,0,0,0,0,0,0,0,0,0,0,0,0,0,0,0,0,,0,(X),0,0,0
"Census Tract 9701.03, Carteret County, North Carolina!!Percent of specified language speakers!!Speak English  less than ""very well""!!Margin of Error",±13,(X),±13,,±13,±13,±13,±13,±13,±13,±13,±13,±13,±13,±13,±13,±13,±13,±13,±13,,±13,(X),±13,±13,±13
"Census Tract 9701.03, Carteret County, North Carolina!!Percent of specified language speakers!!Percent speak English less than ""very well""!!Estimate",0.00%,(X),-,,-,-,-,-,-,-,-,-,-,-,-,-,-,-,-,-,,0.00%,(X),-,-,-
"Census Tract 9701.03, Carteret County, North Carolina!!Percent of specified language speakers!!Percent speak English less than ""very well""!!Margin of Error",±1.6,(X),**,,**,**,**,**,**,**,**,**,**,**,**,**,**,**,**,**,,±1.8,(X),**,**,**
"Census Tract 9702, Carteret County, North Carolina!!Total!!Estimate","1,194","1,178",16,,16,0,16,0,0,0,0,0,0,0,0,0,0,0,0,0,,"1,072","1,056",16,16,0
"Census Tract 9702, Carteret County, North Carolina!!Total!!Margin of Error",±221,±211,±25,,±25,±13,±25,±13,±13,±13,±13,±13,±13,±13,±13,±13,±13,±13,±13,±13,,±196,±191,±25,±25,±13
"Census Tract 9702, Carteret County, North Carolina!!Percent!!Estimate",(X),98.70%,1.30%,,1.30%,0.00%,1.30%,0.00%,0.00%,0.00%,0.00%,0.00%,0.00%,0.00%,0.00%,0.00%,0.00%,0.00%,0.00%,0.00%,,(X),98.50%,1.50%,1.50%,0.00%
"Census Tract 9702, Carteret County, North Carolina!!Percent!!Margin of Error",(X),±2.0,±2.0,,±2.0,±3.3,±2.0,±3.3,±3.3,±3.3,±3.3,±3.3,±3.3,±3.3,±3.3,±3.3,±3.3,±3.3,±3.3,±3.3,,(X),±2.3,±2.3,±2.3,±3.7
"Census Tract 9702, Carteret County, North Carolina!!Percent of specified language speakers!!Speak English only or speak English ""very well""!!Estimate","1,194",(X),16,,16,0,16,0,0,0,0,0,0,0,0,0,0,0,0,0,,"1,072",(X),16,16,0
"Census Tract 9702, Carteret County, North Carolina!!Percent of specified language speakers!!Speak English only or speak English ""very well""!!Margin of Error",±221,(X),±25,,±25,±13,±25,±13,±13,±13,±13,±13,±13,±13,±13,±13,±13,±13,±13,±13,,±196,(X),±25,±25,±13
"Census Tract 9702, Carteret County, North Carolina!!Percent of specified language speakers!!Percent speak English only or speak English ""very well""!!Estimate",100.00%,(X),100.00%,,100.00%,-,100.00%,-,-,-,-,-,-,-,-,-,-,-,-,-,,100.00%,(X),100.00%,100.00%,-
"Census Tract 9702, Carteret County, North Carolina!!Percent of specified language speakers!!Percent speak English only or speak English ""very well""!!Margin of Error",±3.3,(X),±82.2,,±82.2,**,±82.2,**,**,**,**,**,**,**,**,**,**,**,**,**,,±3.7,(X),±82.2,±82.2,**
"Census Tract 9702, Carteret County, North Carolina!!Percent of specified language speakers!!Speak English  less than ""very well""!!Estimate",0,(X),0,,0,0,0,0,0,0,0,0,0,0,0,0,0,0,0,0,,0,(X),0,0,0
"Census Tract 9702, Carteret County, North Carolina!!Percent of specified language speakers!!Speak English  less than ""very well""!!Margin of Error",±13,(X),±13,,±13,±13,±13,±13,±13,±13,±13,±13,±13,±13,±13,±13,±13,±13,±13,±13,,±13,(X),±13,±13,±13
"Census Tract 9702, Carteret County, North Carolina!!Percent of specified language speakers!!Percent speak English less than ""very well""!!Estimate",0.00%,(X),0.00%,,0.00%,-,0.00%,-,-,-,-,-,-,-,-,-,-,-,-,-,,0.00%,(X),0.00%,0.00%,-
"Census Tract 9702, Carteret County, North Carolina!!Percent of specified language speakers!!Percent speak English less than ""very well""!!Margin of Error",±3.3,(X),±82.3,,±82.3,**,±82.3,**,**,**,**,**,**,**,**,**,**,**,**,**,,±3.7,(X),±82.3,±82.3,**
"Census Tract 9703.01, Carteret County, North Carolina!!Total!!Estimate","4,519","4,296",223,,154,46,92,16,69,0,43,26,0,0,0,0,0,0,0,0,,"3,943","3,766",177,108,69
"Census Tract 9703.01, Carteret County, North Carolina!!Total!!Margin of Error",±540,±581,±172,,±163,±71,±91,±25,±60,±13,±48,±38,±13,±13,±13,±13,±13,±13,±13,±13,,±391,±419,±114,±100,±60
"Census Tract 9703.01, Carteret County, North Carolina!!Percent!!Estimate",(X),95.10%,4.90%,,3.40%,1.00%,2.00%,0.40%,1.50%,0.00%,1.00%,0.60%,0.00%,0.00%,0.00%,0.00%,0.00%,0.00%,0.00%,0.00%,,(X),95.50%,4.50%,2.70%,1.70%
"Census Tract 9703.01, Carteret County, North Carolina!!Percent!!Margin of Error",(X),±4.0,±4.0,,±3.7,±1.6,±2.1,±0.6,±1.4,±0.9,±1.1,±0.9,±0.9,±0.9,±0.9,±0.9,±0.9,±0.9,±0.9,±0.9,,(X),±3.0,±3.0,±2.6,±1.6
"Census Tract 9703.01, Carteret County, North Carolina!!Percent of specified language speakers!!Speak English only or speak English ""very well""!!Estimate","4,519",(X),223,,154,46,92,16,69,0,43,26,0,0,0,0,0,0,0,0,,"3,943",(X),177,108,69
"Census Tract 9703.01, Carteret County, North Carolina!!Percent of specified language speakers!!Speak English only or speak English ""very well""!!Margin of Error",±540,(X),±172,,±163,±71,±91,±25,±60,±13,±48,±38,±13,±13,±13,±13,±13,±13,±13,±13,,±391,(X),±114,±100,±60
"Census Tract 9703.01, Carteret County, North Carolina!!Percent of specified language speakers!!Percent speak English only or speak English ""very well""!!Estimate",100.00%,(X),100.00%,,100.00%,100.00%,100.00%,100.00%,100.00%,-,100.00%,100.00%,-,-,-,-,-,-,-,-,,100.00%,(X),100.00%,100.00%,100.00%
"Census Tract 9703.01, Carteret County, North Carolina!!Percent of specified language speakers!!Percent speak English only or speak English ""very well""!!Margin of Error",±0.9,(X),±16.4,,±22.6,±48.5,±33.6,±82.2,±39.6,**,±50.2,±64.5,**,**,**,**,**,**,**,**,,±1.0,(X),±20.1,±30.0,±39.6
"Census Tract 9703.01, Carteret County, North Carolina!!Percent of specified language speakers!!Speak English  less than ""very well""!!Estimate",0,(X),0,,0,0,0,0,0,0,0,0,0,0,0,0,0,0,0,0,,0,(X),0,0,0
"Census Tract 9703.01, Carteret County, North Carolina!!Percent of specified language speakers!!Speak English  less than ""very well""!!Margin of Error",±13,(X),±13,,±13,±13,±13,±13,±13,±13,±13,±13,±13,±13,±13,±13,±13,±13,±13,±13,,±13,(X),±13,±13,±13
"Census Tract 9703.01, Carteret County, North Carolina!!Percent of specified language speakers!!Percent speak English less than ""very well""!!Estimate",0.00%,(X),0.00%,,0.00%,0.00%,0.00%,0.00%,0.00%,-,0.00%,0.00%,-,-,-,-,-,-,-,-,,0.00%,(X),0.00%,0.00%,0.00%
"Census Tract 9703.01, Carteret County, North Carolina!!Percent of specified language speakers!!Percent speak English less than ""very well""!!Margin of Error",±0.9,(X),±16.4,,±22.6,±48.5,±33.6,±82.3,±39.6,**,±50.2,±64.5,**,**,**,**,**,**,**,**,,±1.0,(X),±20.1,±30.0,±39.6
"Census Tract 9703.04, Carteret County, North Carolina!!Total!!Estimate","2,257","2,190",67,,16,0,0,16,51,0,28,23,0,0,0,0,0,0,0,0,,"1,791","1,735",56,16,40
"Census Tract 9703.04, Carteret County, North Carolina!!Total!!Margin of Error",±288,±290,±49,,±19,±13,±13,±19,±46,±13,±28,±36,±13,±13,±13,±13,±13,±13,±13,±13,,±221,±218,±45,±19,±42
"Census Tract 9703.04, Carteret County, North Carolina!!Percent!!Estimate",(X),97.00%,3.00%,,0.70%,0.00%,0.00%,0.70%,2.30%,0.00%,1.20%,1.00%,0.00%,0.00%,0.00%,0.00%,0.00%,0.00%,0.00%,0.00%,,(X),96.90%,3.10%,0.90%,2.20%
"Census Tract 9703.04, Carteret County, North Carolina!!Percent!!Margin of Error",(X),±2.2,±2.2,,±0.8,±1.8,±1.8,±0.8,±2.0,±1.8,±1.2,±1.6,±1.8,±1.8,±1.8,±1.8,±1.8,±1.8,±1.8,±1.8,,(X),±2.5,±2.5,±1.0,±2.3
"Census Tract 9703.04, Carteret County, North Carolina!!Percent of specified language speakers!!Speak English only or speak English ""very well""!!Estimate","2,246",(X),56,,16,0,0,16,40,0,17,23,0,0,0,0,0,0,0,0,,"1,791",(X),56,16,40
"Census Tract 9703.04, Carteret County, North Carolina!!Percent of specified language speakers!!Speak English only or speak English ""very well""!!Margin of Error",±287,(X),±45,,±19,±13,±13,±19,±42,±13,±20,±36,±13,±13,±13,±13,±13,±13,±13,±13,,±221,(X),±45,±19,±42
"Census Tract 9703.04, Carteret County, North Carolina!!Percent of specified language speakers!!Percent speak English only or speak English ""very well""!!Estimate",99.50%,(X),83.60%,,100.00%,-,-,100.00%,78.40%,-,60.70%,100.00%,-,-,-,-,-,-,-,-,,100.00%,(X),100.00%,100.00%,100.00%
"Census Tract 9703.04, Carteret County, North Carolina!!Percent of specified language speakers!!Percent speak English only or speak English ""very well""!!Margin of Error",±0.8,(X),±24.8,,±82.2,**,**,±82.2,±33.7,**,±48.0,±68.6,**,**,**,**,**,**,**,**,,±2.2,(X),±44.0,±82.2,±52.0
"Census Tract 9703.04, Carteret County, North Carolina!!Percent of specified language speakers!!Speak English  less than ""very well""!!Estimate",11,(X),11,,0,0,0,0,11,0,11,0,0,0,0,0,0,0,0,0,,0,(X),0,0,0
"Census Tract 9703.04, Carteret County, North Carolina!!Percent of specified language speakers!!Speak English  less than ""very well""!!Margin of Error",±18,(X),±18,,±13,±13,±13,±13,±18,±13,±18,±13,±13,±13,±13,±13,±13,±13,±13,±13,,±13,(X),±13,±13,±13
"Census Tract 9703.04, Carteret County, North Carolina!!Percent of specified language speakers!!Percent speak English less than ""very well""!!Estimate",0.50%,(X),16.40%,,0.00%,-,-,0.00%,21.60%,-,39.30%,0.00%,-,-,-,-,-,-,-,-,,0.00%,(X),0.00%,0.00%,0.00%
"Census Tract 9703.04, Carteret County, North Carolina!!Percent of specified language speakers!!Percent speak English less than ""very well""!!Margin of Error",±0.8,(X),±24.8,,±82.3,**,**,±82.3,±33.7,**,±48.0,±68.6,**,**,**,**,**,**,**,**,,±2.2,(X),±44.0,±82.3,±52.0
"Census Tract 9703.05, Carteret County, North Carolina!!Total!!Estimate","1,837","1,739",98,,64,0,43,21,16,0,16,0,4,0,4,0,14,0,14,0,,"1,728","1,653",75,50,25
"Census Tract 9703.05, Carteret County, North Carolina!!Total!!Margin of Error",±228,±231,±49,,±40,±13,±36,±19,±23,±13,±23,±13,±7,±13,±7,±13,±18,±13,±18,±13,,±219,±221,±41,±35,±21
"Census Tract 9703.05, Carteret County, North Carolina!!Percent!!Estimate",(X),94.70%,5.30%,,3.50%,0.00%,2.30%,1.10%,0.90%,0.00%,0.90%,0.00%,0.20%,0.00%,0.20%,0.00%,0.80%,0.00%,0.80%,0.00%,,(X),95.70%,4.30%,2.90%,1.40%
"Census Tract 9703.05, Carteret County, North Carolina!!Percent!!Margin of Error",(X),±2.7,±2.7,,±2.2,±2.2,±2.0,±1.0,±1.3,±2.2,±1.3,±2.2,±0.4,±2.2,±0.4,±2.2,±1.0,±2.2,±1.0,±2.2,,(X),±2.4,±2.4,±2.1,±1.2
"Census Tract 9703.05, Carteret County, North Carolina!!Percent of specified language speakers!!Speak English only or speak English ""very well""!!Estimate","1,807",(X),68,,50,0,29,21,0,0,0,0,4,0,4,0,14,0,14,0,,"1,721",(X),68,50,18
"Census Tract 9703.05, Carteret County, North Carolina!!Percent of specified language speakers!!Speak English only or speak English ""very well""!!Margin of Error",±228,(X),±39,,±35,±13,±30,±19,±13,±13,±13,±13,±7,±13,±7,±13,±18,±13,±18,±13,,±220,(X),±39,±35,±18
"Census Tract 9703.05, Carteret County, North Carolina!!Percent of specified language speakers!!Percent speak English only or speak English ""very well""!!Estimate",98.40%,(X),69.40%,,78.10%,-,67.40%,100.00%,0.00%,-,0.00%,-,100.00%,-,100.00%,-,100.00%,-,100.00%,-,,99.60%,(X),90.70%,100.00%,72.00%
"Census Tract 9703.05, Carteret County, North Carolina!!Percent of specified language speakers!!Percent speak English only or speak English ""very well""!!Margin of Error",±1.7,(X),±27.6,,±29.2,**,±43.2,±71.8,±82.3,**,±82.3,**,±100.0,**,±100.0,**,±87.9,**,±87.9,**,,±0.6,(X),±13.1,±46.5,±35.2
"Census Tract 9703.05, Carteret County, North Carolina!!Percent of specified language speakers!!Speak English  less than ""very well""!!Estimate",30,(X),30,,14,0,14,0,16,0,16,0,0,0,0,0,0,0,0,0,,7,(X),7,0,7
"Census Tract 9703.05, Carteret County, North Carolina!!Percent of specified language speakers!!Speak English  less than ""very well""!!Margin of Error",±32,(X),±32,,±21,±13,±21,±13,±23,±13,±23,±13,±13,±13,±13,±13,±13,±13,±13,±13,,±10,(X),±10,±13,±10
"Census Tract 9703.05, Carteret County, North Carolina!!Percent of specified language speakers!!Percent speak English less than ""very well""!!Estimate",1.60%,(X),30.60%,,21.90%,-,32.60%,0.00%,100.00%,-,100.00%,-,0.00%,-,0.00%,-,0.00%,-,0.00%,-,,0.40%,(X),9.30%,0.00%,28.00%
"Census Tract 9703.05, Carteret County, North Carolina!!Percent of specified language speakers!!Percent speak English less than ""very well""!!Margin of Error",±1.7,(X),±27.6,,±29.2,**,±43.2,±71.8,±82.2,**,±82.2,**,±100.0,**,±100.0,**,±87.9,**,±87.9,**,,±0.6,(X),±13.1,±46.5,±35.2
"Census Tract 9704.01, Carteret County, North Carolina!!Total!!Estimate","1,422","1,384",38,,6,0,6,0,32,0,26,6,0,0,0,0,0,0,0,0,,"1,352","1,329",23,6,17
"Census Tract 9704.01, Carteret County, North Carolina!!Total!!Margin of Error",±237,±234,±30,,±10,±13,±10,±13,±29,±13,±28,±9,±13,±13,±13,±13,±13,±13,±13,±13,,±231,±229,±22,±10,±20
"Census Tract 9704.01, Carteret County, North Carolina!!Percent!!Estimate",(X),97.30%,2.70%,,0.40%,0.00%,0.40%,0.00%,2.30%,0.00%,1.80%,0.40%,0.00%,0.00%,0.00%,0.00%,0.00%,0.00%,0.00%,0.00%,,(X),98.30%,1.70%,0.40%,1.30%
"Census Tract 9704.01, Carteret County, North Carolina!!Percent!!Margin of Error",(X),±2.1,±2.1,,±0.7,±2.8,±0.7,±2.8,±2.0,±2.8,±1.9,±0.6,±2.8,±2.8,±2.8,±2.8,±2.8,±2.8,±2.8,±2.8,,(X),±1.6,±1.6,±0.7,±1.4
"Census Tract 9704.01, Carteret County, North Carolina!!Percent of specified language speakers!!Speak English only or speak English ""very well""!!Estimate","1,416",(X),32,,6,0,6,0,26,0,26,0,0,0,0,0,0,0,0,0,,"1,346",(X),17,6,11
"Census Tract 9704.01, Carteret County, North Carolina!!Percent of specified language speakers!!Speak English only or speak English ""very well""!!Margin of Error",±235,(X),±29,,±10,±13,±10,±13,±28,±13,±28,±13,±13,±13,±13,±13,±13,±13,±13,±13,,±230,(X),±19,±10,±17
"Census Tract 9704.01, Carteret County, North Carolina!!Percent of specified language speakers!!Percent speak English only or speak English ""very well""!!Estimate",99.60%,(X),84.20%,,100.00%,-,100.00%,-,81.30%,-,100.00%,0.00%,-,-,-,-,-,-,-,-,,99.60%,(X),73.90%,100.00%,64.70%
"Census Tract 9704.01, Carteret County, North Carolina!!Percent of specified language speakers!!Percent speak English only or speak English ""very well""!!Margin of Error",±0.6,(X),±24.7,,±100.0,**,±100.0,**,±30.9,**,±64.5,±100.0,**,**,**,**,**,**,**,**,,±0.6,(X),±36.8,±100.0,±54.2
"Census Tract 9704.01, Carteret County, North Carolina!!Percent of specified language speakers!!Speak English  less than ""very well""!!Estimate",6,(X),6,,0,0,0,0,6,0,0,6,0,0,0,0,0,0,0,0,,6,(X),6,0,6
"Census Tract 9704.01, Carteret County, North Carolina!!Percent of specified language speakers!!Speak English  less than ""very well""!!Margin of Error",±9,(X),±9,,±13,±13,±13,±13,±9,±13,±13,±9,±13,±13,±13,±13,±13,±13,±13,±13,,±9,(X),±9,±13,±9
"Census Tract 9704.01, Carteret County, North Carolina!!Percent of specified language speakers!!Percent speak English less than ""very well""!!Estimate",0.40%,(X),15.80%,,0.00%,-,0.00%,-,18.80%,-,0.00%,100.00%,-,-,-,-,-,-,-,-,,0.40%,(X),26.10%,0.00%,35.30%
"Census Tract 9704.01, Carteret County, North Carolina!!Percent of specified language speakers!!Percent speak English less than ""very well""!!Margin of Error",±0.6,(X),±24.7,,±100.0,**,±100.0,**,±30.9,**,±64.5,±100.0,**,**,**,**,**,**,**,**,,±0.6,(X),±36.8,±100.0,±54.2
"Census Tract 9704.02, Carteret County, North Carolina!!Total!!Estimate","1,226","1,128",98,,62,0,62,0,18,0,18,0,15,0,0,15,3,0,0,3,,"1,091","1,019",72,51,21
"Census Tract 9704.02, Carteret County, North Carolina!!Total!!Margin of Error",±187,±175,±66,,±54,±13,±54,±13,±29,±13,±29,±13,±23,±13,±13,±23,±5,±13,±13,±5,,±185,±167,±60,±53,±29
"Census Tract 9704.02, Carteret County, North Carolina!!Percent!!Estimate",(X),92.00%,8.00%,,5.10%,0.00%,5.10%,0.00%,1.50%,0.00%,1.50%,0.00%,1.20%,0.00%,0.00%,1.20%,0.20%,0.00%,0.00%,0.20%,,(X),93.40%,6.60%,4.70%,1.90%
"Census Tract 9704.02, Carteret County, North Carolina!!Percent!!Margin of Error",(X),±5.1,±5.1,,±4.2,±3.2,±4.2,±3.2,±2.2,±3.2,±2.2,±3.2,±1.9,±3.2,±3.2,±1.9,±0.4,±3.2,±3.2,±0.4,,(X),±5.1,±5.1,±4.6,±2.6
"Census Tract 9704.02, Carteret County, North Carolina!!Percent of specified language speakers!!Speak English only or speak English ""very well""!!Estimate","1,203",(X),75,,57,0,57,0,18,0,18,0,0,0,0,0,0,0,0,0,,"1,088",(X),69,51,18
"Census Tract 9704.02, Carteret County, North Carolina!!Percent of specified language speakers!!Speak English only or speak English ""very well""!!Margin of Error",±187,(X),±57,,±49,±13,±49,±13,±29,±13,±29,±13,±13,±13,±13,±13,±13,±13,±13,±13,,±185,(X),±60,±53,±29
"Census Tract 9704.02, Carteret County, North Carolina!!Percent of specified language speakers!!Percent speak English only or speak English ""very well""!!Estimate",98.10%,(X),76.50%,,91.90%,-,91.90%,-,100.00%,-,100.00%,-,0.00%,-,-,0.00%,0.00%,-,-,0.00%,,99.70%,(X),95.80%,100.00%,85.70%
"Census Tract 9704.02, Carteret County, North Carolina!!Percent of specified language speakers!!Percent speak English only or speak English ""very well""!!Margin of Error",±2.5,(X),±26.5,,±23.1,**,±23.1,**,±77.5,**,±77.5,**,±84.9,**,**,±84.9,±100.0,**,**,±100.0,,±0.5,(X),±8.8,±46.1,±38.9
"Census Tract 9704.02, Carteret County, North Carolina!!Percent of specified language speakers!!Speak English  less than ""very well""!!Estimate",23,(X),23,,5,0,5,0,0,0,0,0,15,0,0,15,3,0,0,3,,3,(X),3,0,3
"Census Tract 9704.02, Carteret County, North Carolina!!Percent of specified language speakers!!Speak English  less than ""very well""!!Margin of Error",±32,(X),±32,,±17,±13,±17,±13,±13,±13,±13,±13,±23,±13,±13,±23,±5,±13,±13,±5,,±5,(X),±5,±13,±5
"Census Tract 9704.02, Carteret County, North Carolina!!Percent of specified language speakers!!Percent speak English less than ""very well""!!Estimate",1.90%,(X),23.50%,,8.10%,-,8.10%,-,0.00%,-,0.00%,-,100.00%,-,-,100.00%,100.00%,-,-,100.00%,,0.30%,(X),4.20%,0.00%,14.30%
"Census Tract 9704.02, Carteret County, North Carolina!!Percent of specified language speakers!!Percent speak English less than ""very well""!!Margin of Error",±2.5,(X),±26.5,,±23.1,**,±23.1,**,±77.5,**,±77.5,**,±84.9,**,**,±84.9,±100.0,**,**,±100.0,,±0.5,(X),±8.8,±46.1,±38.9
"Census Tract 9704.03, Carteret County, North Carolina!!Total!!Estimate","1,186",987,199,,93,0,93,0,106,0,106,0,0,0,0,0,0,0,0,0,,"1,112",913,199,93,106
"Census Tract 9704.03, Carteret County, North Carolina!!Total!!Margin of Error",±198,±153,±122,,±56,±13,±56,±13,±108,±13,±108,±13,±13,±13,±13,±13,±13,±13,±13,±13,,±197,±150,±122,±56,±108
"Census Tract 9704.03, Carteret County, North Carolina!!Percent!!Estimate",(X),83.20%,16.80%,,7.80%,0.00%,7.80%,0.00%,8.90%,0.00%,8.90%,0.00%,0.00%,0.00%,0.00%,0.00%,0.00%,0.00%,0.00%,0.00%,,(X),82.10%,17.90%,8.40%,9.50%
"Census Tract 9704.03, Carteret County, North Carolina!!Percent!!Margin of Error",(X),±8.9,±8.9,,±4.5,±3.3,±4.5,±3.3,±8.6,±3.3,±8.6,±3.3,±3.3,±3.3,±3.3,±3.3,±3.3,±3.3,±3.3,±3.3,,(X),±9.4,±9.4,±4.7,±9.1
"Census Tract 9704.03, Carteret County, North Carolina!!Percent of specified language speakers!!Speak English only or speak English ""very well""!!Estimate","1,186",(X),199,,93,0,93,0,106,0,106,0,0,0,0,0,0,0,0,0,,"1,112",(X),199,93,106
"Census Tract 9704.03, Carteret County, North Carolina!!Percent of specified language speakers!!Speak English only or speak English ""very well""!!Margin of Error",±198,(X),±122,,±56,±13,±56,±13,±108,±13,±108,±13,±13,±13,±13,±13,±13,±13,±13,±13,,±197,(X),±122,±56,±108
"Census Tract 9704.03, Carteret County, North Carolina!!Percent of specified language speakers!!Percent speak English only or speak English ""very well""!!Estimate",100.00%,(X),100.00%,,100.00%,-,100.00%,-,100.00%,-,100.00%,-,-,-,-,-,-,-,-,-,,100.00%,(X),100.00%,100.00%,100.00%
"Census Tract 9704.03, Carteret County, North Carolina!!Percent of specified language speakers!!Percent speak English only or speak English ""very well""!!Margin of Error",±3.3,(X),±18.1,,±33.4,**,±33.4,**,±30.4,**,±30.4,**,**,**,**,**,**,**,**,**,,±3.5,(X),±18.1,±33.4,±30.4
"Census Tract 9704.03, Carteret County, North Carolina!!Percent of specified language speakers!!Speak English  less than ""very well""!!Estimate",0,(X),0,,0,0,0,0,0,0,0,0,0,0,0,0,0,0,0,0,,0,(X),0,0,0
"Census Tract 9704.03, Carteret County, North Carolina!!Percent of specified language speakers!!Speak English  less than ""very well""!!Margin of Error",±13,(X),±13,,±13,±13,±13,±13,±13,±13,±13,±13,±13,±13,±13,±13,±13,±13,±13,±13,,±13,(X),±13,±13,±13
"Census Tract 9704.03, Carteret County, North Carolina!!Percent of specified language speakers!!Percent speak English less than ""very well""!!Estimate",0.00%,(X),0.00%,,0.00%,-,0.00%,-,0.00%,-,0.00%,-,-,-,-,-,-,-,-,-,,0.00%,(X),0.00%,0.00%,0.00%
"Census Tract 9704.03, Carteret County, North Carolina!!Percent of specified language speakers!!Percent speak English less than ""very well""!!Margin of Error",±3.3,(X),±18.1,,±33.4,**,±33.4,**,±30.4,**,±30.4,**,**,**,**,**,**,**,**,**,,±3.5,(X),±18.1,±33.4,±30.4
"Census Tract 9705.01, Carteret County, North Carolina!!Total!!Estimate","2,872","2,462",410,,305,60,235,10,9,0,0,9,47,0,0,47,49,0,49,0,,"2,429","2,152",277,172,105
"Census Tract 9705.01, Carteret County, North Carolina!!Total!!Margin of Error",±407,±430,±276,,±256,±92,±181,±18,±14,±13,±13,±14,±51,±13,±13,±51,±70,±13,±70,±13,,±362,±383,±172,±140,±89
"Census Tract 9705.01, Carteret County, North Carolina!!Percent!!Estimate",(X),85.70%,14.30%,,10.60%,2.10%,8.20%,0.30%,0.30%,0.00%,0.00%,0.30%,1.60%,0.00%,0.00%,1.60%,1.70%,0.00%,1.70%,0.00%,,(X),88.60%,11.40%,7.10%,4.30%
"Census Tract 9705.01, Carteret County, North Carolina!!Percent!!Margin of Error",(X),±9.4,±9.4,,±9.0,±3.2,±6.3,±0.6,±0.5,±1.4,±1.4,±0.5,±1.7,±1.4,±1.4,±1.7,±2.4,±1.4,±2.4,±1.4,,(X),±7.1,±7.1,±6.0,±3.5
"Census Tract 9705.01, Carteret County, North Carolina!!Percent of specified language speakers!!Speak English only or speak English ""very well""!!Estimate","2,783",(X),321,,232,60,162,10,9,0,0,9,31,0,0,31,49,0,49,0,,"2,413",(X),261,172,89
"Census Tract 9705.01, Carteret County, North Carolina!!Percent of specified language speakers!!Speak English only or speak English ""very well""!!Margin of Error",±398,(X),±234,,±215,±92,±139,±18,±14,±13,±13,±14,±31,±13,±13,±31,±70,±13,±70,±13,,±360,(X),±167,±140,±79
"Census Tract 9705.01, Carteret County, North Carolina!!Percent of specified language speakers!!Percent speak English only or speak English ""very well""!!Estimate",96.90%,(X),78.30%,,76.10%,100.00%,68.90%,100.00%,100.00%,-,-,100.00%,66.00%,-,-,66.00%,100.00%,-,100.00%,-,,99.30%,(X),94.20%,100.00%,84.80%
"Census Tract 9705.01, Carteret County, North Carolina!!Percent of specified language speakers!!Percent speak English only or speak English ""very well""!!Margin of Error",±2.8,(X),±16.8,,±22.2,±42.5,±26.1,±100.0,±100.0,**,**,±100.0,±29.4,**,**,±29.4,±47.0,**,±47.0,**,,±1.0,(X),±9.1,±20.6,±21.8
"Census Tract 9705.01, Carteret County, North Carolina!!Percent of specified language speakers!!Speak English  less than ""very well""!!Estimate",89,(X),89,,73,0,73,0,0,0,0,0,16,0,0,16,0,0,0,0,,16,(X),16,0,16
"Census Tract 9705.01, Carteret County, North Carolina!!Percent of specified language speakers!!Speak English  less than ""very well""!!Margin of Error",±81,(X),±81,,±76,±13,±76,±13,±13,±13,±13,±13,±24,±13,±13,±24,±13,±13,±13,±13,,±24,(X),±24,±13,±24
"Census Tract 9705.01, Carteret County, North Carolina!!Percent of specified language speakers!!Percent speak English less than ""very well""!!Estimate",3.10%,(X),21.70%,,23.90%,0.00%,31.10%,0.00%,0.00%,-,-,0.00%,34.00%,-,-,34.00%,0.00%,-,0.00%,-,,0.70%,(X),5.80%,0.00%,15.20%
"Census Tract 9705.01, Carteret County, North Carolina!!Percent of specified language speakers!!Percent speak English less than ""very well""!!Margin of Error",±2.8,(X),±16.8,,±22.2,±42.5,±26.1,±100.0,±100.0,**,**,±100.0,±29.4,**,**,±29.4,±47.0,**,±47.0,**,,±1.0,(X),±9.1,±20.6,±21.8
"Census Tract 9705.02, Carteret County, North Carolina!!Total!!Estimate","2,070","1,989",81,,57,0,48,9,19,0,11,8,0,0,0,0,5,0,5,0,,"1,819","1,738",81,57,24
"Census Tract 9705.02, Carteret County, North Carolina!!Total!!Margin of Error",±240,±241,±56,,±48,±13,±46,±19,±17,±13,±13,±11,±13,±13,±13,±13,±9,±13,±9,±13,,±229,±229,±56,±48,±19
"Census Tract 9705.02, Carteret County, North Carolina!!Percent!!Estimate",(X),96.10%,3.90%,,2.80%,0.00%,2.30%,0.40%,0.90%,0.00%,0.50%,0.40%,0.00%,0.00%,0.00%,0.00%,0.20%,0.00%,0.20%,0.00%,,(X),95.50%,4.50%,3.10%,1.30%
"Census Tract 9705.02, Carteret County, North Carolina!!Percent!!Margin of Error",(X),±2.7,±2.7,,±2.3,±1.9,±2.2,±0.9,±0.8,±1.9,±0.6,±0.5,±1.9,±1.9,±1.9,±1.9,±0.4,±1.9,±0.4,±1.9,,(X),±3.0,±3.0,±2.6,±1.0
"Census Tract 9705.02, Carteret County, North Carolina!!Percent of specified language speakers!!Speak English only or speak English ""very well""!!Estimate","2,059",(X),70,,54,0,48,6,11,0,11,0,0,0,0,0,5,0,5,0,,"1,808",(X),70,54,16
"Census Tract 9705.02, Carteret County, North Carolina!!Percent of specified language speakers!!Speak English only or speak English ""very well""!!Margin of Error",±241,(X),±53,,±47,±13,±46,±13,±13,±13,±13,±13,±13,±13,±13,±13,±9,±13,±9,±13,,±230,(X),±53,±47,±15
"Census Tract 9705.02, Carteret County, North Carolina!!Percent of specified language speakers!!Percent speak English only or speak English ""very well""!!Estimate",99.50%,(X),86.40%,,94.70%,-,100.00%,66.70%,57.90%,-,100.00%,0.00%,-,-,-,-,100.00%,-,100.00%,-,,99.40%,(X),86.40%,94.70%,66.70%
"Census Tract 9705.02, Carteret County, North Carolina!!Percent of specified language speakers!!Percent speak English only or speak English ""very well""!!Margin of Error",±0.6,(X),±15.5,,±9.9,**,±47.5,±34.2,±47.1,**,±99.2,±100.0,**,**,**,**,±100.0,**,±100.0,**,,±0.7,(X),±15.5,±9.9,±38.6
"Census Tract 9705.02, Carteret County, North Carolina!!Percent of specified language speakers!!Speak English  less than ""very well""!!Estimate",11,(X),11,,3,0,0,3,8,0,0,8,0,0,0,0,0,0,0,0,,11,(X),11,3,8
"Census Tract 9705.02, Carteret County, North Carolina!!Percent of specified language speakers!!Speak English  less than ""very well""!!Margin of Error",±13,(X),±13,,±6,±13,±13,±6,±11,±13,±13,±11,±13,±13,±13,±13,±13,±13,±13,±13,,±13,(X),±13,±6,±11
"Census Tract 9705.02, Carteret County, North Carolina!!Percent of specified language speakers!!Percent speak English less than ""very well""!!Estimate",0.50%,(X),13.60%,,5.30%,-,0.00%,33.30%,42.10%,-,0.00%,100.00%,-,-,-,-,0.00%,-,0.00%,-,,0.60%,(X),13.60%,5.30%,33.30%
"Census Tract 9705.02, Carteret County, North Carolina!!Percent of specified language speakers!!Percent speak English less than ""very well""!!Margin of Error",±0.6,(X),±15.5,,±9.9,**,±47.5,±34.2,±47.1,**,±99.2,±100.0,**,**,**,**,±100.0,**,±100.0,**,,±0.7,(X),±15.5,±9.9,±38.6
"Census Tract 9705.03, Carteret County, North Carolina!!Total!!Estimate","2,072","2,030",42,,15,0,0,15,22,0,22,0,5,5,0,0,0,0,0,0,,"1,608","1,571",37,15,22
"Census Tract 9705.03, Carteret County, North Carolina!!Total!!Margin of Error",±232,±233,±30,,±23,±13,±13,±23,±18,±13,±18,±13,±9,±9,±13,±13,±13,±13,±13,±13,,±175,±177,±30,±23,±18
"Census Tract 9705.03, Carteret County, North Carolina!!Percent!!Estimate",(X),98.00%,2.00%,,0.70%,0.00%,0.00%,0.70%,1.10%,0.00%,1.10%,0.00%,0.20%,0.20%,0.00%,0.00%,0.00%,0.00%,0.00%,0.00%,,(X),97.70%,2.30%,0.90%,1.40%
"Census Tract 9705.03, Carteret County, North Carolina!!Percent!!Margin of Error",(X),±1.5,±1.5,,±1.1,±1.9,±1.9,±1.1,±0.9,±1.9,±0.9,±1.9,±0.4,±0.4,±1.9,±1.9,±1.9,±1.9,±1.9,±1.9,,(X),±1.9,±1.9,±1.4,±1.1
"Census Tract 9705.03, Carteret County, North Carolina!!Percent of specified language speakers!!Speak English only or speak English ""very well""!!Estimate","2,064",(X),34,,15,0,0,15,14,0,14,0,5,5,0,0,0,0,0,0,,"1,600",(X),29,15,14
"Census Tract 9705.03, Carteret County, North Carolina!!Percent of specified language speakers!!Speak English only or speak English ""very well""!!Margin of Error",±233,(X),±28,,±23,±13,±13,±23,±13,±13,±13,±13,±9,±9,±13,±13,±13,±13,±13,±13,,±177,(X),±27,±23,±13
"Census Tract 9705.03, Carteret County, North Carolina!!Percent of specified language speakers!!Percent speak English only or speak English ""very well""!!Estimate",99.60%,(X),81.00%,,100.00%,-,-,100.00%,63.60%,-,63.60%,-,100.00%,100.00%,-,-,-,-,-,-,,99.50%,(X),78.40%,100.00%,63.60%
"Census Tract 9705.03, Carteret County, North Carolina!!Percent of specified language speakers!!Percent speak English only or speak English ""very well""!!Margin of Error",±0.5,(X),±28.0,,±84.9,**,**,±84.9,±42.0,**,±42.0,**,±100.0,±100.0,**,**,**,**,**,**,,±0.7,(X),±32.1,±84.9,±42.0
"Census Tract 9705.03, Carteret County, North Carolina!!Percent of specified language speakers!!Speak English  less than ""very well""!!Estimate",8,(X),8,,0,0,0,0,8,0,8,0,0,0,0,0,0,0,0,0,,8,(X),8,0,8
"Census Tract 9705.03, Carteret County, North Carolina!!Percent of specified language speakers!!Speak English  less than ""very well""!!Margin of Error",±11,(X),±11,,±13,±13,±13,±13,±11,±13,±11,±13,±13,±13,±13,±13,±13,±13,±13,±13,,±11,(X),±11,±13,±11
"Census Tract 9705.03, Carteret County, North Carolina!!Percent of specified language speakers!!Percent speak English less than ""very well""!!Estimate",0.40%,(X),19.00%,,0.00%,-,-,0.00%,36.40%,-,36.40%,-,0.00%,0.00%,-,-,-,-,-,-,,0.50%,(X),21.60%,0.00%,36.40%
"Census Tract 9705.03, Carteret County, North Carolina!!Percent of specified language speakers!!Percent speak English less than ""very well""!!Margin of Error",±0.5,(X),±28.0,,±84.9,**,**,±84.9,±42.0,**,±42.0,**,±100.0,±100.0,**,**,**,**,**,**,,±0.7,(X),±32.1,±84.9,±42.0
"Census Tract 9705.04, Carteret County, North Carolina!!Total!!Estimate","1,740","1,589",151,,81,21,56,4,25,0,25,0,45,0,16,29,0,0,0,0,,"1,265","1,200",65,20,45
"Census Tract 9705.04, Carteret County, North Carolina!!Total!!Margin of Error",±237,±221,±85,,±64,±28,±47,±7,±38,±13,±38,±13,±49,±13,±24,±43,±13,±13,±13,±13,,±175,±168,±50,±26,±49
"Census Tract 9705.04, Carteret County, North Carolina!!Percent!!Estimate",(X),91.30%,8.70%,,4.70%,1.20%,3.20%,0.20%,1.40%,0.00%,1.40%,0.00%,2.60%,0.00%,0.90%,1.70%,0.00%,0.00%,0.00%,0.00%,,(X),94.90%,5.10%,1.60%,3.60%
"Census Tract 9705.04, Carteret County, North Carolina!!Percent!!Margin of Error",(X),±4.6,±4.6,,±3.6,±1.6,±2.7,±0.4,±2.1,±2.3,±2.1,±2.3,±2.7,±2.3,±1.4,±2.4,±2.3,±2.3,±2.3,±2.3,,(X),±3.8,±3.8,±2.0,±3.7
"Census Tract 9705.04, Carteret County, North Carolina!!Percent of specified language speakers!!Speak English only or speak English ""very well""!!Estimate","1,680",(X),91,,60,0,56,4,15,0,15,0,16,0,16,0,0,0,0,0,,"1,236",(X),36,20,16
"Census Tract 9705.04, Carteret County, North Carolina!!Percent of specified language speakers!!Speak English only or speak English ""very well""!!Margin of Error",±220,(X),±59,,±48,±13,±47,±7,±23,±13,±23,±13,±24,±13,±24,±13,±13,±13,±13,±13,,±168,(X),±38,±26,±24
"Census Tract 9705.04, Carteret County, North Carolina!!Percent of specified language speakers!!Percent speak English only or speak English ""very well""!!Estimate",96.60%,(X),60.30%,,74.10%,0.00%,100.00%,100.00%,60.00%,-,60.00%,-,35.60%,-,100.00%,0.00%,-,-,-,-,,97.70%,(X),55.40%,100.00%,35.60%
"Census Tract 9705.04, Carteret County, North Carolina!!Percent of specified language speakers!!Percent speak English only or speak English ""very well""!!Margin of Error",±3.0,(X),±26.3,,±24.5,±71.8,±44.0,±100.0,±17.9,**,±17.9,**,±47.2,**,±82.2,±61.1,**,**,**,**,,±3.3,(X),±47.2,±73.6,±47.2
"Census Tract 9705.04, Carteret County, North Carolina!!Percent of specified language speakers!!Speak English  less than ""very well""!!Estimate",60,(X),60,,21,21,0,0,10,0,10,0,29,0,0,29,0,0,0,0,,29,(X),29,0,29
"Census Tract 9705.04, Carteret County, North Carolina!!Percent of specified language speakers!!Speak English  less than ""very well""!!Margin of Error",±56,(X),±56,,±28,±28,±13,±13,±16,±13,±16,±13,±43,±13,±13,±43,±13,±13,±13,±13,,±43,(X),±43,±13,±43
"Census Tract 9705.04, Carteret County, North Carolina!!Percent of specified language speakers!!Percent speak English less than ""very well""!!Estimate",3.40%,(X),39.70%,,25.90%,100.00%,0.00%,0.00%,40.00%,-,40.00%,-,64.40%,-,0.00%,100.00%,-,-,-,-,,2.30%,(X),44.60%,0.00%,64.40%
"Census Tract 9705.04, Carteret County, North Carolina!!Percent of specified language speakers!!Percent speak English less than ""very well""!!Margin of Error",±3.0,(X),±26.3,,±24.5,±71.8,±44.0,±100.0,±17.9,**,±17.9,**,±47.2,**,±82.3,±61.1,**,**,**,**,,±3.3,(X),±47.2,±73.6,±47.2
"Census Tract 9706.01, Carteret County, North Carolina!!Total!!Estimate",986,986,0,,0,0,0,0,0,0,0,0,0,0,0,0,0,0,0,0,,855,855,0,0,0
"Census Tract 9706.01, Carteret County, North Carolina!!Total!!Margin of Error",±165,±165,±13,,±13,±13,±13,±13,±13,±13,±13,±13,±13,±13,±13,±13,±13,±13,±13,±13,,±140,±140,±13,±13,±13
"Census Tract 9706.01, Carteret County, North Carolina!!Percent!!Estimate",(X),100.00%,0.00%,,0.00%,0.00%,0.00%,0.00%,0.00%,0.00%,0.00%,0.00%,0.00%,0.00%,0.00%,0.00%,0.00%,0.00%,0.00%,0.00%,,(X),100.00%,0.00%,0.00%,0.00%
"Census Tract 9706.01, Carteret County, North Carolina!!Percent!!Margin of Error",(X),±4.0,±4.0,,±4.0,±4.0,±4.0,±4.0,±4.0,±4.0,±4.0,±4.0,±4.0,±4.0,±4.0,±4.0,±4.0,±4.0,±4.0,±4.0,,(X),±4.6,±4.6,±4.6,±4.6
"Census Tract 9706.01, Carteret County, North Carolina!!Percent of specified language speakers!!Speak English only or speak English ""very well""!!Estimate",986,(X),0,,0,0,0,0,0,0,0,0,0,0,0,0,0,0,0,0,,855,(X),0,0,0
"Census Tract 9706.01, Carteret County, North Carolina!!Percent of specified language speakers!!Speak English only or speak English ""very well""!!Margin of Error",±165,(X),±13,,±13,±13,±13,±13,±13,±13,±13,±13,±13,±13,±13,±13,±13,±13,±13,±13,,±140,(X),±13,±13,±13
"Census Tract 9706.01, Carteret County, North Carolina!!Percent of specified language speakers!!Percent speak English only or speak English ""very well""!!Estimate",100.00%,(X),-,,-,-,-,-,-,-,-,-,-,-,-,-,-,-,-,-,,100.00%,(X),-,-,-
"Census Tract 9706.01, Carteret County, North Carolina!!Percent of specified language speakers!!Percent speak English only or speak English ""very well""!!Margin of Error",±4.0,(X),**,,**,**,**,**,**,**,**,**,**,**,**,**,**,**,**,**,,±4.6,(X),**,**,**
"Census Tract 9706.01, Carteret County, North Carolina!!Percent of specified language speakers!!Speak English  less than ""very well""!!Estimate",0,(X),0,,0,0,0,0,0,0,0,0,0,0,0,0,0,0,0,0,,0,(X),0,0,0
"Census Tract 9706.01, Carteret County, North Carolina!!Percent of specified language speakers!!Speak English  less than ""very well""!!Margin of Error",±13,(X),±13,,±13,±13,±13,±13,±13,±13,±13,±13,±13,±13,±13,±13,±13,±13,±13,±13,,±13,(X),±13,±13,±13
"Census Tract 9706.01, Carteret County, North Carolina!!Percent of specified language speakers!!Percent speak English less than ""very well""!!Estimate",0.00%,(X),-,,-,-,-,-,-,-,-,-,-,-,-,-,-,-,-,-,,0.00%,(X),-,-,-
"Census Tract 9706.01, Carteret County, North Carolina!!Percent of specified language speakers!!Percent speak English less than ""very well""!!Margin of Error",±4.0,(X),**,,**,**,**,**,**,**,**,**,**,**,**,**,**,**,**,**,,±4.6,(X),**,**,**
"Census Tract 9706.02, Carteret County, North Carolina!!Total!!Estimate","1,043",936,107,,0,0,0,0,42,10,29,3,65,0,65,0,0,0,0,0,,944,847,97,0,97
"Census Tract 9706.02, Carteret County, North Carolina!!Total!!Margin of Error",±124,±106,±103,,±13,±13,±13,±13,±64,±19,±46,±7,±77,±13,±77,±13,±13,±13,±13,±13,,±103,±83,±93,±13,±93
"Census Tract 9706.02, Carteret County, North Carolina!!Percent!!Estimate",(X),89.70%,10.30%,,0.00%,0.00%,0.00%,0.00%,4.00%,1.00%,2.80%,0.30%,6.20%,0.00%,6.20%,0.00%,0.00%,0.00%,0.00%,0.00%,,(X),89.70%,10.30%,0.00%,10.30%
"Census Tract 9706.02, Carteret County, North Carolina!!Percent!!Margin of Error",(X),±9.2,±9.2,,±3.8,±3.8,±3.8,±3.8,±5.9,±1.8,±4.3,±0.6,±7.1,±3.8,±7.1,±3.8,±3.8,±3.8,±3.8,±3.8,,(X),±9.1,±9.1,±4.1,±9.1
"Census Tract 9706.02, Carteret County, North Carolina!!Percent of specified language speakers!!Speak English only or speak English ""very well""!!Estimate","1,043",(X),107,,0,0,0,0,42,10,29,3,65,0,65,0,0,0,0,0,,944,(X),97,0,97
"Census Tract 9706.02, Carteret County, North Carolina!!Percent of specified language speakers!!Speak English only or speak English ""very well""!!Margin of Error",±124,(X),±103,,±13,±13,±13,±13,±64,±19,±46,±7,±77,±13,±77,±13,±13,±13,±13,±13,,±103,(X),±93,±13,±93
"Census Tract 9706.02, Carteret County, North Carolina!!Percent of specified language speakers!!Percent speak English only or speak English ""very well""!!Estimate",100.00%,(X),100.00%,,-,-,-,-,100.00%,100.00%,100.00%,100.00%,100.00%,-,100.00%,-,-,-,-,-,,100.00%,(X),100.00%,-,100.00%
"Census Tract 9706.02, Carteret County, North Carolina!!Percent of specified language speakers!!Percent speak English only or speak English ""very well""!!Margin of Error",±3.8,(X),±30.2,,**,**,**,**,±50.8,±100.0,±61.1,±100.0,±40.8,**,±40.8,**,**,**,**,**,,±4.1,(X),±32.4,**,±32.4
"Census Tract 9706.02, Carteret County, North Carolina!!Percent of specified language speakers!!Speak English  less than ""very well""!!Estimate",0,(X),0,,0,0,0,0,0,0,0,0,0,0,0,0,0,0,0,0,,0,(X),0,0,0
"Census Tract 9706.02, Carteret County, North Carolina!!Percent of specified language speakers!!Speak English  less than ""very well""!!Margin of Error",±13,(X),±13,,±13,±13,±13,±13,±13,±13,±13,±13,±13,±13,±13,±13,±13,±13,±13,±13,,±13,(X),±13,±13,±13
"Census Tract 9706.02, Carteret County, North Carolina!!Percent of specified language speakers!!Percent speak English less than ""very well""!!Estimate",0.00%,(X),0.00%,,-,-,-,-,0.00%,0.00%,0.00%,0.00%,0.00%,-,0.00%,-,-,-,-,-,,0.00%,(X),0.00%,-,0.00%
"Census Tract 9706.02, Carteret County, North Carolina!!Percent of specified language speakers!!Percent speak English less than ""very well""!!Margin of Error",±3.8,(X),±30.2,,**,**,**,**,±50.8,±100.0,±61.1,±100.0,±40.8,**,±40.8,**,**,**,**,**,,±4.1,(X),±32.4,**,±32.4
"Census Tract 9706.03, Carteret County, North Carolina!!Total!!Estimate","1,381","1,138",243,,239,112,127,0,0,0,0,0,0,0,0,0,4,0,4,0,,"1,031",973,58,54,4
"Census Tract 9706.03, Carteret County, North Carolina!!Total!!Margin of Error",±269,±205,±190,,±189,±93,±119,±13,±13,±13,±13,±13,±13,±13,±13,±13,±7,±13,±7,±13,,±207,±194,±74,±73,±7
"Census Tract 9706.03, Carteret County, North Carolina!!Percent!!Estimate",(X),82.40%,17.60%,,17.30%,8.10%,9.20%,0.00%,0.00%,0.00%,0.00%,0.00%,0.00%,0.00%,0.00%,0.00%,0.30%,0.00%,0.30%,0.00%,,(X),94.40%,5.60%,5.20%,0.40%
"Census Tract 9706.03, Carteret County, North Carolina!!Percent!!Margin of Error",(X),±11.8,±11.8,,±11.7,±6.0,±7.6,±2.9,±2.9,±2.9,±2.9,±2.9,±2.9,±2.9,±2.9,±2.9,±0.5,±2.9,±0.5,±2.9,,(X),±6.7,±6.7,±6.5,±0.7
"Census Tract 9706.03, Carteret County, North Carolina!!Percent of specified language speakers!!Speak English only or speak English ""very well""!!Estimate","1,311",(X),173,,173,112,61,0,0,0,0,0,0,0,0,0,0,0,0,0,,"1,010",(X),37,37,0
"Census Tract 9706.03, Carteret County, North Carolina!!Percent of specified language speakers!!Speak English only or speak English ""very well""!!Margin of Error",±246,(X),±143,,±143,±93,±71,±13,±13,±13,±13,±13,±13,±13,±13,±13,±13,±13,±13,±13,,±205,(X),±58,±58,±13
"Census Tract 9706.03, Carteret County, North Carolina!!Percent of specified language speakers!!Percent speak English only or speak English ""very well""!!Estimate",94.90%,(X),71.20%,,72.40%,100.00%,48.00%,-,-,-,-,-,-,-,-,-,0.00%,-,0.00%,-,,98.00%,(X),63.80%,68.50%,0.00%
"Census Tract 9706.03, Carteret County, North Carolina!!Percent of specified language speakers!!Percent speak English only or speak English ""very well""!!Margin of Error",±5.3,(X),±23.3,,±23.7,±29.2,±35.1,**,**,**,**,**,**,**,**,**,±100.0,**,±100.0,**,,±2.7,(X),±33.9,±35.3,±100.0
"Census Tract 9706.03, Carteret County, North Carolina!!Percent of specified language speakers!!Speak English  less than ""very well""!!Estimate",70,(X),70,,66,0,66,0,0,0,0,0,0,0,0,0,4,0,4,0,,21,(X),21,17,4
"Census Tract 9706.03, Carteret County, North Carolina!!Percent of specified language speakers!!Speak English  less than ""very well""!!Margin of Error",±78,(X),±78,,±77,±13,±77,±13,±13,±13,±13,±13,±13,±13,±13,±13,±7,±13,±7,±13,,±29,(X),±29,±27,±7
"Census Tract 9706.03, Carteret County, North Carolina!!Percent of specified language speakers!!Percent speak English less than ""very well""!!Estimate",5.10%,(X),28.80%,,27.60%,0.00%,52.00%,-,-,-,-,-,-,-,-,-,100.00%,-,100.00%,-,,2.00%,(X),36.20%,31.50%,100.00%
"Census Tract 9706.03, Carteret County, North Carolina!!Percent of specified language speakers!!Percent speak English less than ""very well""!!Margin of Error",±5.3,(X),±23.3,,±23.7,±29.2,±35.1,**,**,**,**,**,**,**,**,**,±100.0,**,±100.0,**,,±2.7,(X),±33.9,±35.3,±100.0
"Census Tract 9706.06, Carteret County, North Carolina!!Total!!Estimate","3,623","3,417",206,,11,0,11,0,119,0,55,64,76,0,76,0,0,0,0,0,,"3,070","2,884",186,11,175
"Census Tract 9706.06, Carteret County, North Carolina!!Total!!Margin of Error",±377,±377,±96,,±12,±13,±12,±13,±67,±13,±36,±51,±64,±13,±64,±13,±13,±13,±13,±13,,±277,±286,±95,±12,±92
"Census Tract 9706.06, Carteret County, North Carolina!!Percent!!Estimate",(X),94.30%,5.70%,,0.30%,0.00%,0.30%,0.00%,3.30%,0.00%,1.50%,1.80%,2.10%,0.00%,2.10%,0.00%,0.00%,0.00%,0.00%,0.00%,,(X),93.90%,6.10%,0.40%,5.70%
"Census Tract 9706.06, Carteret County, North Carolina!!Percent!!Margin of Error",(X),±2.6,±2.6,,±0.3,±1.1,±0.3,±1.1,±1.8,±1.1,±1.0,±1.4,±1.8,±1.1,±1.8,±1.1,±1.1,±1.1,±1.1,±1.1,,(X),±3.1,±3.1,±0.4,±3.0
"Census Tract 9706.06, Carteret County, North Carolina!!Percent of specified language speakers!!Speak English only or speak English ""very well""!!Estimate","3,571",(X),154,,11,0,11,0,119,0,55,64,24,0,24,0,0,0,0,0,,"3,018",(X),134,11,123
"Census Tract 9706.06, Carteret County, North Carolina!!Percent of specified language speakers!!Speak English only or speak English ""very well""!!Margin of Error",±384,(X),±74,,±12,±13,±12,±13,±67,±13,±36,±51,±28,±13,±28,±13,±13,±13,±13,±13,,±284,(X),±70,±12,±67
"Census Tract 9706.06, Carteret County, North Carolina!!Percent of specified language speakers!!Percent speak English only or speak English ""very well""!!Estimate",98.60%,(X),74.80%,,100.00%,-,100.00%,-,100.00%,-,100.00%,100.00%,31.60%,-,31.60%,-,-,-,-,-,,98.30%,(X),72.00%,100.00%,70.30%
"Census Tract 9706.06, Carteret County, North Carolina!!Percent of specified language speakers!!Percent speak English only or speak English ""very well""!!Margin of Error",±1.7,(X),±26.2,,±99.2,**,±99.2,**,±27.9,**,±44.4,±41.1,±45.2,**,±45.2,**,**,**,**,**,,±2.0,(X),±28.2,±99.2,±29.5
"Census Tract 9706.06, Carteret County, North Carolina!!Percent of specified language speakers!!Speak English  less than ""very well""!!Estimate",52,(X),52,,0,0,0,0,0,0,0,0,52,0,52,0,0,0,0,0,,52,(X),52,0,52
"Census Tract 9706.06, Carteret County, North Carolina!!Percent of specified language speakers!!Speak English  less than ""very well""!!Margin of Error",±62,(X),±62,,±13,±13,±13,±13,±13,±13,±13,±13,±62,±13,±62,±13,±13,±13,±13,±13,,±62,(X),±62,±13,±62
"Census Tract 9706.06, Carteret County, North Carolina!!Percent of specified language speakers!!Percent speak English less than ""very well""!!Estimate",1.40%,(X),25.20%,,0.00%,-,0.00%,-,0.00%,-,0.00%,0.00%,68.40%,-,68.40%,-,-,-,-,-,,1.70%,(X),28.00%,0.00%,29.70%
"Census Tract 9706.06, Carteret County, North Carolina!!Percent of specified language speakers!!Percent speak English less than ""very well""!!Margin of Error",±1.7,(X),±26.2,,±99.2,**,±99.2,**,±27.9,**,±44.4,±41.1,±45.2,**,±45.2,**,**,**,**,**,,±2.0,(X),±28.2,±99.2,±29.5
"Census Tract 9707.01, Carteret County, North Carolina!!Total!!Estimate","1,195","1,059",136,,90,25,65,0,6,0,0,6,40,0,40,0,0,0,0,0,,906,860,46,0,46
"Census Tract 9707.01, Carteret County, North Carolina!!Total!!Margin of Error",±254,±202,±136,,±125,±36,±89,±13,±9,±13,±13,±9,±55,±13,±55,±13,±13,±13,±13,±13,,±153,±142,±55,±13,±55
"Census Tract 9707.01, Carteret County, North Carolina!!Percent!!Estimate",(X),88.60%,11.40%,,7.50%,2.10%,5.40%,0.00%,0.50%,0.00%,0.00%,0.50%,3.30%,0.00%,3.30%,0.00%,0.00%,0.00%,0.00%,0.00%,,(X),94.90%,5.10%,0.00%,5.10%
"Census Tract 9707.01, Carteret County, North Carolina!!Percent!!Margin of Error",(X),±10.1,±10.1,,±9.6,±2.7,±6.9,±3.3,±0.7,±3.3,±3.3,±0.7,±4.5,±3.3,±4.5,±3.3,±3.3,±3.3,±3.3,±3.3,,(X),±5.7,±5.7,±4.3,±5.7
"Census Tract 9707.01, Carteret County, North Carolina!!Percent of specified language speakers!!Speak English only or speak English ""very well""!!Estimate","1,090",(X),31,,25,25,0,0,6,0,0,6,0,0,0,0,0,0,0,0,,866,(X),6,0,6
"Census Tract 9707.01, Carteret County, North Carolina!!Percent of specified language speakers!!Speak English only or speak English ""very well""!!Margin of Error",±208,(X),±36,,±36,±36,±13,±13,±9,±13,±13,±9,±13,±13,±13,±13,±13,±13,±13,±13,,±143,(X),±9,±13,±9
"Census Tract 9707.01, Carteret County, North Carolina!!Percent of specified language speakers!!Percent speak English only or speak English ""very well""!!Estimate",91.20%,(X),22.80%,,27.80%,100.00%,0.00%,-,100.00%,-,-,100.00%,0.00%,-,0.00%,-,-,-,-,-,,95.60%,(X),13.00%,-,13.00%
"Census Tract 9707.01, Carteret County, North Carolina!!Percent of specified language speakers!!Percent speak English only or speak English ""very well""!!Margin of Error",±7.8,(X),±14.0,,±5.2,±65.8,±40.8,**,±100.0,**,**,±100.0,±52.0,**,±52.0,**,**,**,**,**,,±5.8,(X),±32.7,**,±32.7
"Census Tract 9707.01, Carteret County, North Carolina!!Percent of specified language speakers!!Speak English  less than ""very well""!!Estimate",105,(X),105,,65,0,65,0,0,0,0,0,40,0,40,0,0,0,0,0,,40,(X),40,0,40
"Census Tract 9707.01, Carteret County, North Carolina!!Percent of specified language speakers!!Speak English  less than ""very well""!!Margin of Error",±105,(X),±105,,±89,±13,±89,±13,±13,±13,±13,±13,±55,±13,±55,±13,±13,±13,±13,±13,,±55,(X),±55,±13,±55
"Census Tract 9707.01, Carteret County, North Carolina!!Percent of specified language speakers!!Percent speak English less than ""very well""!!Estimate",8.80%,(X),77.20%,,72.20%,0.00%,100.00%,-,0.00%,-,-,0.00%,100.00%,-,100.00%,-,-,-,-,-,,4.40%,(X),87.00%,-,87.00%
"Census Tract 9707.01, Carteret County, North Carolina!!Percent of specified language speakers!!Percent speak English less than ""very well""!!Margin of Error",±7.8,(X),±14.0,,±5.2,±65.8,±40.8,**,±100.0,**,**,±100.0,±52.0,**,±52.0,**,**,**,**,**,,±5.8,(X),±32.7,**,±32.7
"Census Tract 9707.02, Carteret County, North Carolina!!Total!!Estimate","3,457","3,341",116,,51,15,27,9,42,0,42,0,23,0,23,0,0,0,0,0,,"2,683","2,582",101,36,65
"Census Tract 9707.02, Carteret County, North Carolina!!Total!!Margin of Error",±589,±597,±84,,±59,±25,±35,±17,±51,±13,±51,±13,±32,±13,±32,±13,±13,±13,±13,±13,,±377,±387,±69,±42,±59
"Census Tract 9707.02, Carteret County, North Carolina!!Percent!!Estimate",(X),96.60%,3.40%,,1.50%,0.40%,0.80%,0.30%,1.20%,0.00%,1.20%,0.00%,0.70%,0.00%,0.70%,0.00%,0.00%,0.00%,0.00%,0.00%,,(X),96.20%,3.80%,1.30%,2.40%
"Census Tract 9707.02, Carteret County, North Carolina!!Percent!!Margin of Error",(X),±2.5,±2.5,,±1.7,±0.7,±1.0,±0.5,±1.5,±1.1,±1.5,±1.1,±0.9,±1.1,±0.9,±1.1,±1.1,±1.1,±1.1,±1.1,,(X),±2.7,±2.7,±1.5,±2.3
"Census Tract 9707.02, Carteret County, North Carolina!!Percent of specified language speakers!!Speak English only or speak English ""very well""!!Estimate","3,433",(X),92,,27,0,27,0,42,0,42,0,23,0,23,0,0,0,0,0,,"2,674",(X),92,27,65
"Census Tract 9707.02, Carteret County, North Carolina!!Percent of specified language speakers!!Speak English only or speak English ""very well""!!Margin of Error",±586,(X),±63,,±35,±13,±35,±13,±51,±13,±51,±13,±32,±13,±32,±13,±13,±13,±13,±13,,±375,(X),±63,±35,±59
"Census Tract 9707.02, Carteret County, North Carolina!!Percent of specified language speakers!!Percent speak English only or speak English ""very well""!!Estimate",99.30%,(X),79.30%,,52.90%,0.00%,100.00%,0.00%,100.00%,-,100.00%,-,100.00%,-,100.00%,-,-,-,-,-,,99.70%,(X),91.10%,75.00%,100.00%
"Census Tract 9707.02, Carteret County, North Carolina!!Percent of specified language speakers!!Percent speak English only or speak English ""very well""!!Margin of Error",±1.2,(X),±26.5,,±50.6,±84.9,±63.3,±100.0,±50.8,**,±50.8,**,±68.6,**,±68.6,**,**,**,**,**,,±0.6,(X),±14.4,±39.2,±40.8
"Census Tract 9707.02, Carteret County, North Carolina!!Percent of specified language speakers!!Speak English  less than ""very well""!!Estimate",24,(X),24,,24,15,0,9,0,0,0,0,0,0,0,0,0,0,0,0,,9,(X),9,9,0
"Census Tract 9707.02, Carteret County, North Carolina!!Percent of specified language speakers!!Speak English  less than ""very well""!!Margin of Error",±41,(X),±41,,±41,±25,±13,±17,±13,±13,±13,±13,±13,±13,±13,±13,±13,±13,±13,±13,,±17,(X),±17,±17,±13
"Census Tract 9707.02, Carteret County, North Carolina!!Percent of specified language speakers!!Percent speak English less than ""very well""!!Estimate",0.70%,(X),20.70%,,47.10%,100.00%,0.00%,100.00%,0.00%,-,0.00%,-,0.00%,-,0.00%,-,-,-,-,-,,0.30%,(X),8.90%,25.00%,0.00%
"Census Tract 9707.02, Carteret County, North Carolina!!Percent of specified language speakers!!Percent speak English less than ""very well""!!Margin of Error",±1.2,(X),±26.5,,±50.6,±84.9,±63.3,±100.0,±50.8,**,±50.8,**,±68.6,**,±68.6,**,**,**,**,**,,±0.6,(X),±14.4,±39.2,±40.8
"Census Tract 9707.03, Carteret County, North Carolina!!Total!!Estimate","4,104","3,871",233,,231,0,134,97,2,0,2,0,0,0,0,0,0,0,0,0,,"3,471","3,278",193,191,2
"Census Tract 9707.03, Carteret County, North Carolina!!Total!!Margin of Error",±413,±456,±188,,±188,±13,±135,±111,±4,±13,±4,±13,±13,±13,±13,±13,±13,±13,±13,±13,,±388,±429,±145,±145,±4
"Census Tract 9707.03, Carteret County, North Carolina!!Percent!!Estimate",(X),94.30%,5.70%,,5.60%,0.00%,3.30%,2.40%,0.00%,0.00%,0.00%,0.00%,0.00%,0.00%,0.00%,0.00%,0.00%,0.00%,0.00%,0.00%,,(X),94.40%,5.60%,5.50%,0.10%
"Census Tract 9707.03, Carteret County, North Carolina!!Percent!!Margin of Error",(X),±4.6,±4.6,,±4.6,±1.0,±3.3,±2.7,±0.1,±1.0,±0.1,±1.0,±1.0,±1.0,±1.0,±1.0,±1.0,±1.0,±1.0,±1.0,,(X),±4.3,±4.3,±4.3,±0.1
"Census Tract 9707.03, Carteret County, North Carolina!!Percent of specified language speakers!!Speak English only or speak English ""very well""!!Estimate","3,956",(X),85,,83,0,37,46,2,0,2,0,0,0,0,0,0,0,0,0,,"3,363",(X),85,83,2
"Census Tract 9707.03, Carteret County, North Carolina!!Percent of specified language speakers!!Speak English only or speak English ""very well""!!Margin of Error",±437,(X),±70,,±70,±13,±45,±56,±4,±13,±4,±13,±13,±13,±13,±13,±13,±13,±13,±13,,±406,(X),±70,±70,±4
"Census Tract 9707.03, Carteret County, North Carolina!!Percent of specified language speakers!!Percent speak English only or speak English ""very well""!!Estimate",96.40%,(X),36.50%,,35.90%,-,27.60%,47.40%,100.00%,-,100.00%,-,-,-,-,-,-,-,-,-,,96.90%,(X),44.00%,43.50%,100.00%
"Census Tract 9707.03, Carteret County, North Carolina!!Percent of specified language speakers!!Percent speak English only or speak English ""very well""!!Margin of Error",±3.2,(X),±16.3,,±16.4,**,±29.5,±15.0,±100.0,**,±100.0,**,**,**,**,**,**,**,**,**,,±2.8,(X),±21.5,±21.7,±100.0
"Census Tract 9707.03, Carteret County, North Carolina!!Percent of specified language speakers!!Speak English  less than ""very well""!!Estimate",148,(X),148,,148,0,97,51,0,0,0,0,0,0,0,0,0,0,0,0,,108,(X),108,108,0
"Census Tract 9707.03, Carteret County, North Carolina!!Percent of specified language speakers!!Speak English  less than ""very well""!!Margin of Error",±133,(X),±133,,±133,±13,±112,±59,±13,±13,±13,±13,±13,±13,±13,±13,±13,±13,±13,±13,,±95,(X),±95,±95,±13
"Census Tract 9707.03, Carteret County, North Carolina!!Percent of specified language speakers!!Percent speak English less than ""very well""!!Estimate",3.60%,(X),63.50%,,64.10%,-,72.40%,52.60%,0.00%,-,0.00%,-,-,-,-,-,-,-,-,-,,3.10%,(X),56.00%,56.50%,0.00%
"Census Tract 9707.03, Carteret County, North Carolina!!Percent of specified language speakers!!Percent speak English less than ""very well""!!Margin of Error",±3.2,(X),±16.3,,±16.4,**,±29.5,±15.0,±100.0,**,±100.0,**,**,**,**,**,**,**,**,**,,±2.8,(X),±21.5,±21.7,±100.0
"Census Tract 9707.04, Carteret County, North Carolina!!Total!!Estimate","2,117","2,015",102,,89,12,40,37,12,0,0,12,1,0,0,1,0,0,0,0,,"1,888","1,798",90,77,13
"Census Tract 9707.04, Carteret County, North Carolina!!Total!!Margin of Error",±264,±264,±79,,±72,±16,±56,±38,±20,±13,±13,±20,±3,±13,±13,±3,±13,±13,±13,±13,,±236,±235,±76,±70,±20
"Census Tract 9707.04, Carteret County, North Carolina!!Percent!!Estimate",(X),95.20%,4.80%,,4.20%,0.60%,1.90%,1.70%,0.60%,0.00%,0.00%,0.60%,0.00%,0.00%,0.00%,0.00%,0.00%,0.00%,0.00%,0.00%,,(X),95.20%,4.80%,4.10%,0.70%
"Census Tract 9707.04, Carteret County, North Carolina!!Percent!!Margin of Error",(X),±3.7,±3.7,,±3.4,±0.8,±2.6,±1.8,±0.9,±1.9,±1.9,±0.9,±0.1,±1.9,±1.9,±0.1,±1.9,±1.9,±1.9,±1.9,,(X),±4.0,±4.0,±3.6,±1.1
"Census Tract 9707.04, Carteret County, North Carolina!!Percent of specified language speakers!!Speak English only or speak English ""very well""!!Estimate","2,116",(X),101,,89,12,40,37,12,0,0,12,0,0,0,0,0,0,0,0,,"1,887",(X),89,77,12
"Census Tract 9707.04, Carteret County, North Carolina!!Percent of specified language speakers!!Speak English only or speak English ""very well""!!Margin of Error",±263,(X),±79,,±72,±16,±56,±38,±20,±13,±13,±20,±13,±13,±13,±13,±13,±13,±13,±13,,±235,(X),±76,±70,±20
"Census Tract 9707.04, Carteret County, North Carolina!!Percent of specified language speakers!!Percent speak English only or speak English ""very well""!!Estimate",100.00%,(X),99.00%,,100.00%,100.00%,100.00%,100.00%,100.00%,-,-,100.00%,0.00%,-,-,0.00%,-,-,-,-,,99.90%,(X),98.90%,100.00%,92.30%
"Census Tract 9707.04, Carteret County, North Carolina!!Percent of specified language speakers!!Percent speak English only or speak English ""very well""!!Margin of Error",±0.1,(X),±2.8,,±34.3,±95.0,±52.0,±54.1,±95.0,**,**,±95.0,±100.0,**,**,±100.0,**,**,**,**,,±0.1,(X),±3.2,±37.5,±26.2
"Census Tract 9707.04, Carteret County, North Carolina!!Percent of specified language speakers!!Speak English  less than ""very well""!!Estimate",1,(X),1,,0,0,0,0,0,0,0,0,1,0,0,1,0,0,0,0,,1,(X),1,0,1
"Census Tract 9707.04, Carteret County, North Carolina!!Percent of specified language speakers!!Speak English  less than ""very well""!!Margin of Error",±3,(X),±3,,±13,±13,±13,±13,±13,±13,±13,±13,±3,±13,±13,±3,±13,±13,±13,±13,,±3,(X),±3,±13,±3
"Census Tract 9707.04, Carteret County, North Carolina!!Percent of specified language speakers!!Percent speak English less than ""very well""!!Estimate",0.00%,(X),1.00%,,0.00%,0.00%,0.00%,0.00%,0.00%,-,-,0.00%,100.00%,-,-,100.00%,-,-,-,-,,0.10%,(X),1.10%,0.00%,7.70%
"Census Tract 9707.04, Carteret County, North Carolina!!Percent of specified language speakers!!Percent speak English less than ""very well""!!Margin of Error",±0.1,(X),±2.8,,±34.3,±95.0,±52.0,±54.1,±95.0,**,**,±95.0,±100.0,**,**,±100.0,**,**,**,**,,±0.1,(X),±3.2,±37.5,±26.2
"Census Tract 9708.01, Carteret County, North Carolina!!Total!!Estimate","2,749","2,559",190,,180,81,99,0,2,0,2,0,8,0,0,8,0,0,0,0,,"2,184","2,169",15,5,10
"Census Tract 9708.01, Carteret County, North Carolina!!Total!!Margin of Error",±317,±324,±177,,±175,±79,±98,±13,±3,±13,±3,±13,±11,±13,±13,±11,±13,±13,±13,±13,,±275,±276,±14,±8,±12
"Census Tract 9708.01, Carteret County, North Carolina!!Percent!!Estimate",(X),93.10%,6.90%,,6.50%,2.90%,3.60%,0.00%,0.10%,0.00%,0.10%,0.00%,0.30%,0.00%,0.00%,0.30%,0.00%,0.00%,0.00%,0.00%,,(X),99.30%,0.70%,0.20%,0.50%
"Census Tract 9708.01, Carteret County, North Carolina!!Percent!!Margin of Error",(X),±6.4,±6.4,,±6.3,±2.9,±3.5,±1.4,±0.1,±1.4,±0.1,±1.4,±0.4,±1.4,±1.4,±0.4,±1.4,±1.4,±1.4,±1.4,,(X),±0.7,±0.7,±0.4,±0.6
"Census Tract 9708.01, Carteret County, North Carolina!!Percent of specified language speakers!!Speak English only or speak English ""very well""!!Estimate","2,707",(X),148,,146,81,65,0,2,0,2,0,0,0,0,0,0,0,0,0,,"2,176",(X),7,5,2
"Census Tract 9708.01, Carteret County, North Carolina!!Percent of specified language speakers!!Speak English only or speak English ""very well""!!Margin of Error",±311,(X),±139,,±139,±79,±62,±13,±3,±13,±3,±13,±13,±13,±13,±13,±13,±13,±13,±13,,±275,(X),±9,±8,±3
"Census Tract 9708.01, Carteret County, North Carolina!!Percent of specified language speakers!!Percent speak English only or speak English ""very well""!!Estimate",98.50%,(X),77.90%,,81.10%,100.00%,65.70%,-,100.00%,-,100.00%,-,0.00%,-,-,0.00%,-,-,-,-,,99.60%,(X),46.70%,100.00%,20.00%
"Census Tract 9708.01, Carteret County, North Carolina!!Percent of specified language speakers!!Percent speak English only or speak English ""very well""!!Margin of Error",±1.4,(X),±7.1,,±5.6,±36.4,±9.5,**,±100.0,**,±100.0,**,±100.0,**,**,±100.0,**,**,**,**,,±0.5,(X),±53.3,±100.0,±45.6
"Census Tract 9708.01, Carteret County, North Carolina!!Percent of specified language speakers!!Speak English  less than ""very well""!!Estimate",42,(X),42,,34,0,34,0,0,0,0,0,8,0,0,8,0,0,0,0,,8,(X),8,0,8
"Census Tract 9708.01, Carteret County, North Carolina!!Percent of specified language speakers!!Speak English  less than ""very well""!!Margin of Error",±40,(X),±40,,±37,±13,±37,±13,±13,±13,±13,±13,±11,±13,±13,±11,±13,±13,±13,±13,,±11,(X),±11,±13,±11
"Census Tract 9708.01, Carteret County, North Carolina!!Percent of specified language speakers!!Percent speak English less than ""very well""!!Estimate",1.50%,(X),22.10%,,18.90%,0.00%,34.30%,-,0.00%,-,0.00%,-,100.00%,-,-,100.00%,-,-,-,-,,0.40%,(X),53.30%,0.00%,80.00%
"Census Tract 9708.01, Carteret County, North Carolina!!Percent of specified language speakers!!Percent speak English less than ""very well""!!Margin of Error",±1.4,(X),±7.1,,±5.6,±36.4,±9.5,**,±100.0,**,±100.0,**,±100.0,**,**,±100.0,**,**,**,**,,±0.5,(X),±53.3,±100.0,±45.6
"Census Tract 9708.04, Carteret County, North Carolina!!Total!!Estimate","3,738","3,602",136,,55,0,55,0,37,22,11,4,44,0,44,0,0,0,0,0,,"3,045","2,964",81,22,59
"Census Tract 9708.04, Carteret County, North Carolina!!Total!!Margin of Error",±372,±362,±79,,±59,±13,±59,±13,±37,±33,±11,±7,±34,±13,±34,±13,±13,±13,±13,±13,,±326,±327,±43,±24,±35
"Census Tract 9708.04, Carteret County, North Carolina!!Percent!!Estimate",(X),96.40%,3.60%,,1.50%,0.00%,1.50%,0.00%,1.00%,0.60%,0.30%,0.10%,1.20%,0.00%,1.20%,0.00%,0.00%,0.00%,0.00%,0.00%,,(X),97.30%,2.70%,0.70%,1.90%
"Census Tract 9708.04, Carteret County, North Carolina!!Percent!!Margin of Error",(X),±2.0,±2.0,,±1.5,±1.1,±1.5,±1.1,±1.0,±0.9,±0.3,±0.2,±0.9,±1.1,±0.9,±1.1,±1.1,±1.1,±1.1,±1.1,,(X),±1.4,±1.4,±0.8,±1.1
"Census Tract 9708.04, Carteret County, North Carolina!!Percent of specified language speakers!!Speak English only or speak English ""very well""!!Estimate","3,736",(X),134,,55,0,55,0,35,22,9,4,44,0,44,0,0,0,0,0,,"3,043",(X),79,22,57
"Census Tract 9708.04, Carteret County, North Carolina!!Percent of specified language speakers!!Speak English only or speak English ""very well""!!Margin of Error",±373,(X),±79,,±59,±13,±59,±13,±36,±33,±10,±7,±34,±13,±34,±13,±13,±13,±13,±13,,±326,(X),±42,±24,±35
"Census Tract 9708.04, Carteret County, North Carolina!!Percent of specified language speakers!!Percent speak English only or speak English ""very well""!!Estimate",99.90%,(X),98.50%,,100.00%,-,100.00%,-,94.60%,100.00%,81.80%,100.00%,100.00%,-,100.00%,-,-,-,-,-,,99.90%,(X),97.50%,100.00%,96.60%
"Census Tract 9708.04, Carteret County, North Carolina!!Percent of specified language speakers!!Percent speak English only or speak English ""very well""!!Margin of Error",±0.1,(X),±3.0,,±44.4,**,±44.4,**,±11.7,±70.1,±34.0,±100.0,±49.6,**,±49.6,**,**,**,**,**,,±0.1,(X),±4.7,±70.1,±6.7
"Census Tract 9708.04, Carteret County, North Carolina!!Percent of specified language speakers!!Speak English  less than ""very well""!!Estimate",2,(X),2,,0,0,0,0,2,0,2,0,0,0,0,0,0,0,0,0,,2,(X),2,0,2
"Census Tract 9708.04, Carteret County, North Carolina!!Percent of specified language speakers!!Speak English  less than ""very well""!!Margin of Error",±4,(X),±4,,±13,±13,±13,±13,±4,±13,±4,±13,±13,±13,±13,±13,±13,±13,±13,±13,,±4,(X),±4,±13,±4
"Census Tract 9708.04, Carteret County, North Carolina!!Percent of specified language speakers!!Percent speak English less than ""very well""!!Estimate",0.10%,(X),1.50%,,0.00%,-,0.00%,-,5.40%,0.00%,18.20%,0.00%,0.00%,-,0.00%,-,-,-,-,-,,0.10%,(X),2.50%,0.00%,3.40%
"Census Tract 9708.04, Carteret County, North Carolina!!Percent of specified language speakers!!Percent speak English less than ""very well""!!Margin of Error",±0.1,(X),±3.0,,±44.4,**,±44.4,**,±11.7,±70.1,±34.0,±100.0,±49.6,**,±49.6,**,**,**,**,**,,±0.1,(X),±4.7,±70.1,±6.7
"Census Tract 9708.05, Carteret County, North Carolina!!Total!!Estimate","1,551","1,478",73,,0,0,0,0,20,0,18,2,41,9,32,0,12,0,12,0,,"1,274","1,232",42,0,42
"Census Tract 9708.05, Carteret County, North Carolina!!Total!!Margin of Error",±207,±208,±48,,±13,±13,±13,±13,±20,±13,±21,±3,±44,±16,±35,±13,±16,±13,±16,±13,,±176,±173,±31,±13,±31
"Census Tract 9708.05, Carteret County, North Carolina!!Percent!!Estimate",(X),95.30%,4.70%,,0.00%,0.00%,0.00%,0.00%,1.30%,0.00%,1.20%,0.10%,2.60%,0.60%,2.10%,0.00%,0.80%,0.00%,0.80%,0.00%,,(X),96.70%,3.30%,0.00%,3.30%
"Census Tract 9708.05, Carteret County, North Carolina!!Percent!!Margin of Error",(X),±3.1,±3.1,,±2.5,±2.5,±2.5,±2.5,±1.3,±2.5,±1.3,±0.2,±2.9,±1.0,±2.2,±2.5,±1.1,±2.5,±1.1,±2.5,,(X),±2.4,±2.4,±3.1,±2.4
"Census Tract 9708.05, Carteret County, North Carolina!!Percent of specified language speakers!!Speak English only or speak English ""very well""!!Estimate","1,531",(X),53,,0,0,0,0,20,0,18,2,21,9,12,0,12,0,12,0,,"1,274",(X),42,0,42
"Census Tract 9708.05, Carteret County, North Carolina!!Percent of specified language speakers!!Speak English only or speak English ""very well""!!Margin of Error",±208,(X),±34,,±13,±13,±13,±13,±20,±13,±21,±3,±26,±16,±16,±13,±16,±13,±16,±13,,±176,(X),±31,±13,±31
"Census Tract 9708.05, Carteret County, North Carolina!!Percent of specified language speakers!!Percent speak English only or speak English ""very well""!!Estimate",98.70%,(X),72.60%,,-,-,-,-,100.00%,-,100.00%,100.00%,51.20%,100.00%,37.50%,-,100.00%,-,100.00%,-,,100.00%,(X),100.00%,-,100.00%
"Census Tract 9708.05, Carteret County, North Carolina!!Percent of specified language speakers!!Percent speak English only or speak English ""very well""!!Margin of Error",±1.4,(X),±19.6,,**,**,**,**,±73.6,**,±77.5,±100.0,±23.0,±100.0,±21.9,**,±95.0,**,±95.0,**,,±3.1,(X),±50.8,**,±50.8
"Census Tract 9708.05, Carteret County, North Carolina!!Percent of specified language speakers!!Speak English  less than ""very well""!!Estimate",20,(X),20,,0,0,0,0,0,0,0,0,20,0,20,0,0,0,0,0,,0,(X),0,0,0
"Census Tract 9708.05, Carteret County, North Carolina!!Percent of specified language speakers!!Speak English  less than ""very well""!!Margin of Error",±22,(X),±22,,±13,±13,±13,±13,±13,±13,±13,±13,±22,±13,±22,±13,±13,±13,±13,±13,,±13,(X),±13,±13,±13
"Census Tract 9708.05, Carteret County, North Carolina!!Percent of specified language speakers!!Percent speak English less than ""very well""!!Estimate",1.30%,(X),27.40%,,-,-,-,-,0.00%,-,0.00%,0.00%,48.80%,0.00%,62.50%,-,0.00%,-,0.00%,-,,0.00%,(X),0.00%,-,0.00%
"Census Tract 9708.05, Carteret County, North Carolina!!Percent of specified language speakers!!Percent speak English less than ""very well""!!Margin of Error",±1.4,(X),±19.6,,**,**,**,**,±73.6,**,±77.5,±100.0,±23.0,±100.0,±21.9,**,±95.0,**,±95.0,**,,±3.1,(X),±50.8,**,±50.8
"Census Tract 9708.06, Carteret County, North Carolina!!Total!!Estimate","4,106","3,956",150,,46,9,29,8,88,0,11,77,16,0,13,3,0,0,0,0,,"3,280","3,141",139,37,102
"Census Tract 9708.06, Carteret County, North Carolina!!Total!!Margin of Error",±513,±510,±97,,±29,±13,±26,±14,±90,±13,±10,±89,±19,±13,±18,±5,±13,±13,±13,±13,,±378,±376,±97,±29,±91
"Census Tract 9708.06, Carteret County, North Carolina!!Percent!!Estimate",(X),96.30%,3.70%,,1.10%,0.20%,0.70%,0.20%,2.10%,0.00%,0.30%,1.90%,0.40%,0.00%,0.30%,0.10%,0.00%,0.00%,0.00%,0.00%,,(X),95.80%,4.20%,1.10%,3.10%
"Census Tract 9708.06, Carteret County, North Carolina!!Percent!!Margin of Error",(X),±2.4,±2.4,,±0.7,±0.3,±0.6,±0.3,±2.2,±1.0,±0.3,±2.2,±0.5,±1.0,±0.5,±0.1,±1.0,±1.0,±1.0,±1.0,,(X),±2.9,±2.9,±0.9,±2.8
"Census Tract 9708.06, Carteret County, North Carolina!!Percent of specified language speakers!!Speak English only or speak English ""very well""!!Estimate","4,069",(X),113,,12,0,12,0,88,0,11,77,13,0,13,0,0,0,0,0,,"3,252",(X),111,12,99
"Census Tract 9708.06, Carteret County, North Carolina!!Percent of specified language speakers!!Speak English only or speak English ""very well""!!Margin of Error",±511,(X),±94,,±16,±13,±16,±13,±90,±13,±10,±89,±18,±13,±18,±13,±13,±13,±13,±13,,±377,(X),±93,±16,±91
"Census Tract 9708.06, Carteret County, North Carolina!!Percent of specified language speakers!!Percent speak English only or speak English ""very well""!!Estimate",99.10%,(X),75.30%,,26.10%,0.00%,41.40%,0.00%,100.00%,-,100.00%,100.00%,81.30%,-,100.00%,0.00%,-,-,-,-,,99.10%,(X),79.90%,32.40%,97.10%
"Census Tract 9708.06, Carteret County, North Carolina!!Percent of specified language speakers!!Percent speak English only or speak English ""very well""!!Margin of Error",±0.7,(X),±22.5,,±34.6,±100.0,±47.0,±100.0,±34.6,**,±99.2,±37.5,±31.2,**,±91.2,±100.0,**,**,**,**,,±0.8,(X),±21.2,±39.9,±5.9
"Census Tract 9708.06, Carteret County, North Carolina!!Percent of specified language speakers!!Speak English  less than ""very well""!!Estimate",37,(X),37,,34,9,17,8,0,0,0,0,3,0,0,3,0,0,0,0,,28,(X),28,25,3
"Census Tract 9708.06, Carteret County, North Carolina!!Percent of specified language speakers!!Speak English  less than ""very well""!!Margin of Error",±28,(X),±28,,±28,±13,±20,±14,±13,±13,±13,±13,±5,±13,±13,±5,±13,±13,±13,±13,,±24,(X),±24,±24,±5
"Census Tract 9708.06, Carteret County, North Carolina!!Percent of specified language speakers!!Percent speak English less than ""very well""!!Estimate",0.90%,(X),24.70%,,73.90%,100.00%,58.60%,100.00%,0.00%,-,0.00%,0.00%,18.80%,-,0.00%,100.00%,-,-,-,-,,0.90%,(X),20.10%,67.60%,2.90%
"Census Tract 9708.06, Carteret County, North Carolina!!Percent of specified language speakers!!Percent speak English less than ""very well""!!Margin of Error",±0.7,(X),±22.5,,±34.6,±100.0,±47.0,±100.0,±34.6,**,±99.2,±37.5,±31.2,**,±91.2,±100.0,**,**,**,**,,±0.8,(X),±21.2,±39.9,±5.9
"Census Tract 9709.03, Carteret County, North Carolina!!Total!!Estimate","1,015",988,27,,23,0,18,5,4,0,0,4,0,0,0,0,0,0,0,0,,935,908,27,23,4
"Census Tract 9709.03, Carteret County, North Carolina!!Total!!Margin of Error",±158,±159,±20,,±20,±13,±20,±9,±7,±13,±13,±7,±13,±13,±13,±13,±13,±13,±13,±13,,±149,±149,±20,±20,±7
"Census Tract 9709.03, Carteret County, North Carolina!!Percent!!Estimate",(X),97.30%,2.70%,,2.30%,0.00%,1.80%,0.50%,0.40%,0.00%,0.00%,0.40%,0.00%,0.00%,0.00%,0.00%,0.00%,0.00%,0.00%,0.00%,,(X),97.10%,2.90%,2.50%,0.40%
"Census Tract 9709.03, Carteret County, North Carolina!!Percent!!Margin of Error",(X),±2.1,±2.1,,±2.1,±3.9,±2.0,±0.9,±0.7,±3.9,±3.9,±0.7,±3.9,±3.9,±3.9,±3.9,±3.9,±3.9,±3.9,±3.9,,(X),±2.2,±2.2,±2.2,±0.7
"Census Tract 9709.03, Carteret County, North Carolina!!Percent of specified language speakers!!Speak English only or speak English ""very well""!!Estimate","1,011",(X),23,,23,0,18,5,0,0,0,0,0,0,0,0,0,0,0,0,,931,(X),23,23,0
"Census Tract 9709.03, Carteret County, North Carolina!!Percent of specified language speakers!!Speak English only or speak English ""very well""!!Margin of Error",±158,(X),±20,,±20,±13,±20,±9,±13,±13,±13,±13,±13,±13,±13,±13,±13,±13,±13,±13,,±149,(X),±20,±20,±13
"Census Tract 9709.03, Carteret County, North Carolina!!Percent of specified language speakers!!Percent speak English only or speak English ""very well""!!Estimate",99.60%,(X),85.20%,,100.00%,-,100.00%,100.00%,0.00%,-,-,0.00%,-,-,-,-,-,-,-,-,,99.60%,(X),85.20%,100.00%,0.00%
"Census Tract 9709.03, Carteret County, North Carolina!!Percent of specified language speakers!!Percent speak English only or speak English ""very well""!!Margin of Error",±0.7,(X),±26.1,,±68.6,**,±77.5,±100.0,±100.0,**,**,±100.0,**,**,**,**,**,**,**,**,,±0.7,(X),±26.1,±68.6,±100.0
"Census Tract 9709.03, Carteret County, North Carolina!!Percent of specified language speakers!!Speak English  less than ""very well""!!Estimate",4,(X),4,,0,0,0,0,4,0,0,4,0,0,0,0,0,0,0,0,,4,(X),4,0,4
"Census Tract 9709.03, Carteret County, North Carolina!!Percent of specified language speakers!!Speak English  less than ""very well""!!Margin of Error",±7,(X),±7,,±13,±13,±13,±13,±7,±13,±13,±7,±13,±13,±13,±13,±13,±13,±13,±13,,±7,(X),±7,±13,±7
"Census Tract 9709.03, Carteret County, North Carolina!!Percent of specified language speakers!!Percent speak English less than ""very well""!!Estimate",0.40%,(X),14.80%,,0.00%,-,0.00%,0.00%,100.00%,-,-,100.00%,-,-,-,-,-,-,-,-,,0.40%,(X),14.80%,0.00%,100.00%
"Census Tract 9709.03, Carteret County, North Carolina!!Percent of specified language speakers!!Percent speak English less than ""very well""!!Margin of Error",±0.7,(X),±26.1,,±68.6,**,±77.5,±100.0,±100.0,**,**,±100.0,**,**,**,**,**,**,**,**,,±0.7,(X),±26.1,±68.6,±100.0
"Census Tract 9709.04, Carteret County, North Carolina!!Total!!Estimate","2,703","2,656",47,,21,0,15,6,21,0,10,11,5,0,0,5,0,0,0,0,,"2,307","2,265",42,21,21
"Census Tract 9709.04, Carteret County, North Carolina!!Total!!Margin of Error",±162,±170,±29,,±20,±13,±17,±10,±17,±13,±12,±12,±7,±13,±13,±7,±13,±13,±13,±13,,±160,±167,±24,±20,±18
"Census Tract 9709.04, Carteret County, North Carolina!!Percent!!Estimate",(X),98.30%,1.70%,,0.80%,0.00%,0.60%,0.20%,0.80%,0.00%,0.40%,0.40%,0.20%,0.00%,0.00%,0.20%,0.00%,0.00%,0.00%,0.00%,,(X),98.20%,1.80%,0.90%,0.90%
"Census Tract 9709.04, Carteret County, North Carolina!!Percent!!Margin of Error",(X),±1.1,±1.1,,±0.7,±1.5,±0.6,±0.4,±0.6,±1.5,±0.4,±0.5,±0.3,±1.5,±1.5,±0.3,±1.5,±1.5,±1.5,±1.5,,(X),±1.1,±1.1,±0.9,±0.8
"Census Tract 9709.04, Carteret County, North Carolina!!Percent of specified language speakers!!Speak English only or speak English ""very well""!!Estimate","2,692",(X),36,,15,0,9,6,21,0,10,11,0,0,0,0,0,0,0,0,,"2,296",(X),31,15,16
"Census Tract 9709.04, Carteret County, North Carolina!!Percent of specified language speakers!!Speak English only or speak English ""very well""!!Margin of Error",±166,(X),±28,,±17,±13,±14,±10,±17,±13,±12,±12,±13,±13,±13,±13,±13,±13,±13,±13,,±164,(X),±23,±17,±16
"Census Tract 9709.04, Carteret County, North Carolina!!Percent of specified language speakers!!Percent speak English only or speak English ""very well""!!Estimate",99.60%,(X),76.60%,,71.40%,-,60.00%,100.00%,100.00%,-,100.00%,100.00%,0.00%,-,-,0.00%,-,-,-,-,,99.50%,(X),73.80%,71.40%,76.20%
"Census Tract 9709.04, Carteret County, North Carolina!!Percent of specified language speakers!!Percent speak English only or speak English ""very well""!!Margin of Error",±0.5,(X),±25.7,,±39.6,**,±52.5,±100.0,±71.8,**,±100.0,±99.2,±100.0,**,**,±100.0,**,**,**,**,,±0.5,(X),±27.3,±39.6,±32.4
"Census Tract 9709.04, Carteret County, North Carolina!!Percent of specified language speakers!!Speak English  less than ""very well""!!Estimate",11,(X),11,,6,0,6,0,0,0,0,0,5,0,0,5,0,0,0,0,,11,(X),11,6,5
"Census Tract 9709.04, Carteret County, North Carolina!!Percent of specified language speakers!!Speak English  less than ""very well""!!Margin of Error",±12,(X),±12,,±9,±13,±9,±13,±13,±13,±13,±13,±7,±13,±13,±7,±13,±13,±13,±13,,±12,(X),±12,±9,±7
"Census Tract 9709.04, Carteret County, North Carolina!!Percent of specified language speakers!!Percent speak English less than ""very well""!!Estimate",0.40%,(X),23.40%,,28.60%,-,40.00%,0.00%,0.00%,-,0.00%,0.00%,100.00%,-,-,100.00%,-,-,-,-,,0.50%,(X),26.20%,28.60%,23.80%
"Census Tract 9709.04, Carteret County, North Carolina!!Percent of specified language speakers!!Percent speak English less than ""very well""!!Margin of Error",±0.5,(X),±25.7,,±39.6,**,±52.5,±100.0,±71.8,**,±100.0,±99.2,±100.0,**,**,±100.0,**,**,**,**,,±0.5,(X),±27.3,±39.6,±32.4
"Census Tract 9710.03, Carteret County, North Carolina!!Total!!Estimate","1,699","1,624",75,,38,0,32,6,20,0,9,11,3,0,0,3,14,3,7,4,,"1,555","1,485",70,38,32
"Census Tract 9710.03, Carteret County, North Carolina!!Total!!Margin of Error",±163,±156,±43,,±37,±13,±37,±6,±14,±13,±8,±12,±4,±13,±13,±4,±15,±5,±9,±5,,±147,±137,±42,±37,±18
"Census Tract 9710.03, Carteret County, North Carolina!!Percent!!Estimate",(X),95.60%,4.40%,,2.20%,0.00%,1.90%,0.40%,1.20%,0.00%,0.50%,0.60%,0.20%,0.00%,0.00%,0.20%,0.80%,0.20%,0.40%,0.20%,,(X),95.50%,4.50%,2.40%,2.10%
"Census Tract 9710.03, Carteret County, North Carolina!!Percent!!Margin of Error",(X),±2.4,±2.4,,±2.1,±2.3,±2.1,±0.4,±0.8,±2.3,±0.5,±0.7,±0.3,±2.3,±2.3,±0.3,±0.9,±0.3,±0.5,±0.3,,(X),±2.5,±2.5,±2.3,±1.1
"Census Tract 9710.03, Carteret County, North Carolina!!Percent of specified language speakers!!Speak English only or speak English ""very well""!!Estimate","1,663",(X),39,,11,0,5,6,18,0,7,11,3,0,0,3,7,3,0,4,,"1,519",(X),34,11,23
"Census Tract 9710.03, Carteret County, North Carolina!!Percent of specified language speakers!!Speak English only or speak English ""very well""!!Margin of Error",±158,(X),±18,,±8,±13,±6,±6,±14,±13,±7,±12,±4,±13,±13,±4,±7,±5,±13,±5,,±141,(X),±17,±8,±15
"Census Tract 9710.03, Carteret County, North Carolina!!Percent of specified language speakers!!Percent speak English only or speak English ""very well""!!Estimate",97.90%,(X),52.00%,,28.90%,-,15.60%,100.00%,90.00%,-,77.80%,100.00%,100.00%,-,-,100.00%,50.00%,100.00%,0.00%,100.00%,,97.70%,(X),48.60%,28.90%,71.90%
"Census Tract 9710.03, Carteret County, North Carolina!!Percent of specified language speakers!!Percent speak English only or speak English ""very well""!!Margin of Error",±2.2,(X),±30.3,,±38.3,**,±32.3,±100.0,±15.9,**,±30.6,±99.2,±100.0,**,**,±100.0,±29.7,±100.0,±100.0,±100.0,,±2.5,(X),±31.4,±38.3,±24.8
"Census Tract 9710.03, Carteret County, North Carolina!!Percent of specified language speakers!!Speak English  less than ""very well""!!Estimate",36,(X),36,,27,0,27,0,2,0,2,0,0,0,0,0,7,0,7,0,,36,(X),36,27,9
"Census Tract 9710.03, Carteret County, North Carolina!!Percent of specified language speakers!!Speak English  less than ""very well""!!Margin of Error",±39,(X),±39,,±38,±13,±38,±13,±3,±13,±3,±13,±13,±13,±13,±13,±9,±13,±9,±13,,±39,(X),±39,±38,±10
"Census Tract 9710.03, Carteret County, North Carolina!!Percent of specified language speakers!!Percent speak English less than ""very well""!!Estimate",2.10%,(X),48.00%,,71.10%,-,84.40%,0.00%,10.00%,-,22.20%,0.00%,0.00%,-,-,0.00%,50.00%,0.00%,100.00%,0.00%,,2.30%,(X),51.40%,71.10%,28.10%
"Census Tract 9710.03, Carteret County, North Carolina!!Percent of specified language speakers!!Percent speak English less than ""very well""!!Margin of Error",±2.2,(X),±30.3,,±38.3,**,±32.3,±100.0,±15.9,**,±30.6,±99.2,±100.0,**,**,±100.0,±29.7,±100.0,±100.0,±100.0,,±2.5,(X),±31.4,±38.3,±24.8
"Census Tract 9711.03, Carteret County, North Carolina!!Total!!Estimate","1,766","1,707",59,,56,0,52,4,0,0,0,0,0,0,0,0,3,0,0,3,,"1,567","1,508",59,56,3
"Census Tract 9711.03, Carteret County, North Carolina!!Total!!Margin of Error",±309,±296,±59,,±58,±13,±58,±6,±13,±13,±13,±13,±13,±13,±13,±13,±5,±13,±13,±5,,±280,±271,±59,±58,±5
"Census Tract 9711.03, Carteret County, North Carolina!!Percent!!Estimate",(X),96.70%,3.30%,,3.20%,0.00%,2.90%,0.20%,0.00%,0.00%,0.00%,0.00%,0.00%,0.00%,0.00%,0.00%,0.20%,0.00%,0.00%,0.20%,,(X),96.20%,3.80%,3.60%,0.20%
"Census Tract 9711.03, Carteret County, North Carolina!!Percent!!Margin of Error",(X),±3.2,±3.2,,±3.2,±2.2,±3.2,±0.3,±2.2,±2.2,±2.2,±2.2,±2.2,±2.2,±2.2,±2.2,±0.3,±2.2,±2.2,±0.3,,(X),±3.7,±3.7,±3.6,±0.3
"Census Tract 9711.03, Carteret County, North Carolina!!Percent of specified language speakers!!Speak English only or speak English ""very well""!!Estimate","1,755",(X),48,,45,0,41,4,0,0,0,0,0,0,0,0,3,0,0,3,,"1,556",(X),48,45,3
"Census Tract 9711.03, Carteret County, North Carolina!!Percent of specified language speakers!!Speak English only or speak English ""very well""!!Margin of Error",±305,(X),±56,,±56,±13,±56,±6,±13,±13,±13,±13,±13,±13,±13,±13,±5,±13,±13,±5,,±278,(X),±56,±56,±5
"Census Tract 9711.03, Carteret County, North Carolina!!Percent of specified language speakers!!Percent speak English only or speak English ""very well""!!Estimate",99.40%,(X),81.40%,,80.40%,-,78.80%,100.00%,-,-,-,-,-,-,-,-,100.00%,-,-,100.00%,,99.30%,(X),81.40%,80.40%,100.00%
"Census Tract 9711.03, Carteret County, North Carolina!!Percent of specified language speakers!!Percent speak English only or speak English ""very well""!!Margin of Error",±1.0,(X),±35.4,,±38.2,**,±43.3,±100.0,**,**,**,**,**,**,**,**,±100.0,**,**,±100.0,,±1.1,(X),±35.4,±38.2,±100.0
"Census Tract 9711.03, Carteret County, North Carolina!!Percent of specified language speakers!!Speak English  less than ""very well""!!Estimate",11,(X),11,,11,0,11,0,0,0,0,0,0,0,0,0,0,0,0,0,,11,(X),11,11,0
"Census Tract 9711.03, Carteret County, North Carolina!!Percent of specified language speakers!!Speak English  less than ""very well""!!Margin of Error",±17,(X),±17,,±17,±13,±17,±13,±13,±13,±13,±13,±13,±13,±13,±13,±13,±13,±13,±13,,±17,(X),±17,±17,±13
"Census Tract 9711.03, Carteret County, North Carolina!!Percent of specified language speakers!!Percent speak English less than ""very well""!!Estimate",0.60%,(X),18.60%,,19.60%,-,21.20%,0.00%,-,-,-,-,-,-,-,-,0.00%,-,-,0.00%,,0.70%,(X),18.60%,19.60%,0.00%
"Census Tract 9711.03, Carteret County, North Carolina!!Percent of specified language speakers!!Percent speak English less than ""very well""!!Margin of Error",±1.0,(X),±35.4,,±38.2,**,±43.3,±100.0,**,**,**,**,**,**,**,**,±100.0,**,**,±100.0,,±1.1,(X),±35.4,±38.2,±100.0
"Census Tract 9801, Carteret County, North Carolina!!Total!!Estimate",0,0,0,,0,0,0,0,0,0,0,0,0,0,0,0,0,0,0,0,,0,0,0,0,0
"Census Tract 9801, Carteret County, North Carolina!!Total!!Margin of Error",±13,±13,±13,,±13,±13,±13,±13,±13,±13,±13,±13,±13,±13,±13,±13,±13,±13,±13,±13,,±13,±13,±13,±13,±13
"Census Tract 9801, Carteret County, North Carolina!!Percent!!Estimate",(X),-,-,,-,-,-,-,-,-,-,-,-,-,-,-,-,-,-,-,,(X),-,-,-,-
"Census Tract 9801, Carteret County, North Carolina!!Percent!!Margin of Error",(X),**,**,,**,**,**,**,**,**,**,**,**,**,**,**,**,**,**,**,,(X),**,**,**,**
"Census Tract 9801, Carteret County, North Carolina!!Percent of specified language speakers!!Speak English only or speak English ""very well""!!Estimate",0,(X),0,,0,0,0,0,0,0,0,0,0,0,0,0,0,0,0,0,,0,(X),0,0,0
"Census Tract 9801, Carteret County, North Carolina!!Percent of specified language speakers!!Speak English only or speak English ""very well""!!Margin of Error",±13,(X),±13,,±13,±13,±13,±13,±13,±13,±13,±13,±13,±13,±13,±13,±13,±13,±13,±13,,±13,(X),±13,±13,±13
"Census Tract 9801, Carteret County, North Carolina!!Percent of specified language speakers!!Percent speak English only or speak English ""very well""!!Estimate",-,(X),-,,-,-,-,-,-,-,-,-,-,-,-,-,-,-,-,-,,-,(X),-,-,-
"Census Tract 9801, Carteret County, North Carolina!!Percent of specified language speakers!!Percent speak English only or speak English ""very well""!!Margin of Error",**,(X),**,,**,**,**,**,**,**,**,**,**,**,**,**,**,**,**,**,,**,(X),**,**,**
"Census Tract 9801, Carteret County, North Carolina!!Percent of specified language speakers!!Speak English  less than ""very well""!!Estimate",0,(X),0,,0,0,0,0,0,0,0,0,0,0,0,0,0,0,0,0,,0,(X),0,0,0
"Census Tract 9801, Carteret County, North Carolina!!Percent of specified language speakers!!Speak English  less than ""very well""!!Margin of Error",±13,(X),±13,,±13,±13,±13,±13,±13,±13,±13,±13,±13,±13,±13,±13,±13,±13,±13,±13,,±13,(X),±13,±13,±13
"Census Tract 9801, Carteret County, North Carolina!!Percent of specified language speakers!!Percent speak English less than ""very well""!!Estimate",-,(X),-,,-,-,-,-,-,-,-,-,-,-,-,-,-,-,-,-,,-,(X),-,-,-
"Census Tract 9801, Carteret County, North Carolina!!Percent of specified language speakers!!Percent speak English less than ""very well""!!Margin of Error",**,(X),**,,**,**,**,**,**,**,**,**,**,**,**,**,**,**,**,**,,**,(X),**,**,**
"Census Tract 9901, Carteret County, North Carolina!!Total!!Estimate",0,0,0,,0,0,0,0,0,0,0,0,0,0,0,0,0,0,0,0,,0,0,0,0,0
"Census Tract 9901, Carteret County, North Carolina!!Total!!Margin of Error",±13,±13,±13,,±13,±13,±13,±13,±13,±13,±13,±13,±13,±13,±13,±13,±13,±13,±13,±13,,±13,±13,±13,±13,±13
"Census Tract 9901, Carteret County, North Carolina!!Percent!!Estimate",(X),-,-,,-,-,-,-,-,-,-,-,-,-,-,-,-,-,-,-,,(X),-,-,-,-
"Census Tract 9901, Carteret County, North Carolina!!Percent!!Margin of Error",(X),**,**,,**,**,**,**,**,**,**,**,**,**,**,**,**,**,**,**,,(X),**,**,**,**
"Census Tract 9901, Carteret County, North Carolina!!Percent of specified language speakers!!Speak English only or speak English ""very well""!!Estimate",0,(X),0,,0,0,0,0,0,0,0,0,0,0,0,0,0,0,0,0,,0,(X),0,0,0
"Census Tract 9901, Carteret County, North Carolina!!Percent of specified language speakers!!Speak English only or speak English ""very well""!!Margin of Error",±13,(X),±13,,±13,±13,±13,±13,±13,±13,±13,±13,±13,±13,±13,±13,±13,±13,±13,±13,,±13,(X),±13,±13,±13
"Census Tract 9901, Carteret County, North Carolina!!Percent of specified language speakers!!Percent speak English only or speak English ""very well""!!Estimate",-,(X),-,,-,-,-,-,-,-,-,-,-,-,-,-,-,-,-,-,,-,(X),-,-,-
"Census Tract 9901, Carteret County, North Carolina!!Percent of specified language speakers!!Percent speak English only or speak English ""very well""!!Margin of Error",**,(X),**,,**,**,**,**,**,**,**,**,**,**,**,**,**,**,**,**,,**,(X),**,**,**
"Census Tract 9901, Carteret County, North Carolina!!Percent of specified language speakers!!Speak English  less than ""very well""!!Estimate",0,(X),0,,0,0,0,0,0,0,0,0,0,0,0,0,0,0,0,0,,0,(X),0,0,0
"Census Tract 9901, Carteret County, North Carolina!!Percent of specified language speakers!!Speak English  less than ""very well""!!Margin of Error",±13,(X),±13,,±13,±13,±13,±13,±13,±13,±13,±13,±13,±13,±13,±13,±13,±13,±13,±13,,±13,(X),±13,±13,±13
"Census Tract 9901, Carteret County, North Carolina!!Percent of specified language speakers!!Percent speak English less than ""very well""!!Estimate",-,(X),-,,-,-,-,-,-,-,-,-,-,-,-,-,-,-,-,-,,-,(X),-,-,-
"Census Tract 9901, Carteret County, North Carolina!!Percent of specified language speakers!!Percent speak English less than ""very well""!!Margin of Error",**,(X),**,,**,**,**,**,**,**,**,**,**,**,**,**,**,**,**,**,,**,(X),**,**,**
"Census Tract 9902, Carteret County, North Carolina!!Total!!Estimate",0,0,0,,0,0,0,0,0,0,0,0,0,0,0,0,0,0,0,0,,0,0,0,0,0
"Census Tract 9902, Carteret County, North Carolina!!Total!!Margin of Error",±13,±13,±13,,±13,±13,±13,±13,±13,±13,±13,±13,±13,±13,±13,±13,±13,±13,±13,±13,,±13,±13,±13,±13,±13
"Census Tract 9902, Carteret County, North Carolina!!Percent!!Estimate",(X),-,-,,-,-,-,-,-,-,-,-,-,-,-,-,-,-,-,-,,(X),-,-,-,-
"Census Tract 9902, Carteret County, North Carolina!!Percent!!Margin of Error",(X),**,**,,**,**,**,**,**,**,**,**,**,**,**,**,**,**,**,**,,(X),**,**,**,**
"Census Tract 9902, Carteret County, North Carolina!!Percent of specified language speakers!!Speak English only or speak English ""very well""!!Estimate",0,(X),0,,0,0,0,0,0,0,0,0,0,0,0,0,0,0,0,0,,0,(X),0,0,0
"Census Tract 9902, Carteret County, North Carolina!!Percent of specified language speakers!!Speak English only or speak English ""very well""!!Margin of Error",±13,(X),±13,,±13,±13,±13,±13,±13,±13,±13,±13,±13,±13,±13,±13,±13,±13,±13,±13,,±13,(X),±13,±13,±13
"Census Tract 9902, Carteret County, North Carolina!!Percent of specified language speakers!!Percent speak English only or speak English ""very well""!!Estimate",-,(X),-,,-,-,-,-,-,-,-,-,-,-,-,-,-,-,-,-,,-,(X),-,-,-
"Census Tract 9902, Carteret County, North Carolina!!Percent of specified language speakers!!Percent speak English only or speak English ""very well""!!Margin of Error",**,(X),**,,**,**,**,**,**,**,**,**,**,**,**,**,**,**,**,**,,**,(X),**,**,**
"Census Tract 9902, Carteret County, North Carolina!!Percent of specified language speakers!!Speak English  less than ""very well""!!Estimate",0,(X),0,,0,0,0,0,0,0,0,0,0,0,0,0,0,0,0,0,,0,(X),0,0,0
"Census Tract 9902, Carteret County, North Carolina!!Percent of specified language speakers!!Speak English  less than ""very well""!!Margin of Error",±13,(X),±13,,±13,±13,±13,±13,±13,±13,±13,±13,±13,±13,±13,±13,±13,±13,±13,±13,,±13,(X),±13,±13,±13
"Census Tract 9902, Carteret County, North Carolina!!Percent of specified language speakers!!Percent speak English less than ""very well""!!Estimate",-,(X),-,,-,-,-,-,-,-,-,-,-,-,-,-,-,-,-,-,,-,(X),-,-,-
"Census Tract 9902, Carteret County, North Carolina!!Percent of specified language speakers!!Percent speak English less than ""very well""!!Margin of Error",**,(X),**,,**,**,**,**,**,**,**,**,**,**,**,**,**,**,**,**,,**,(X),**,**,**